"market","dc","state","zip","congestionzone","weatherzone","load_profile","rate_code","map_value"
ERCOT,TNP,NORTH,"76433",hi,spring,sasa,,DC+ZIP
ERCOT,ONC,,"76435",WEST,,,,DC+ZIP+CZ
ERCOT,TNP,,"76436",,,,,DC+ZIP
ERCOT,ONC,,"76437",,,,,DC+ZIP
ERCOT,,,"76439",,,,,ZIP
ERCOT,ONC,,"76442",NORTH,,,,DC+ZIP+CZ
ERCOT,TNP,,"76442",,,,,DC+ZIP
ERCOT,CPL,,"76443",WEST,,,,DC+ZIP+CZ
ERCOT,WTU,,"76443",,,,,DC+ZIP
ERCOT,ONC,,"76444",NORTH,,,,DC+ZIP+CZ
ERCOT,ONC,,"76445",NORTH,,,,DC+ZIP+CZ
ERCOT,ONC,,"76446",NORTH,,,,DC+ZIP+CZ
ERCOT,ONC,,"76448",WEST,,,,DC+ZIP+CZ
ERCOT,ONC,,"76449",NORTH,,,,DC+ZIP+CZ
ERCOT,ONC,,"76450",WEST,,,,DC+ZIP+CZ
ERCOT,TNP,,"76450",,,,,DC+ZIP
ERCOT,,,"76452",,,,,ZIP
ERCOT,ONC,,"76453",,,,,DC+ZIP
ERCOT,TNP,,"76453",,,,,DC+ZIP
ERCOT,ONC,,"76454",WEST,,,,DC+ZIP+CZ
ERCOT,TNP,,"76455",,,,,DC+ZIP
ERCOT,TNP,,"76457",,,,,DC+ZIP
ERCOT,ONC,,"76458",NORTH,,,,DC+ZIP+CZ
ERCOT,TNP,,"76458",,,,,DC+ZIP
ERCOT,TNP,,"76459",,,,,DC+ZIP
ERCOT,ONC,,"76460",,,,,DC+ZIP
ERCOT,TNP,,"76460",,,,,DC+ZIP
ERCOT,,,"76461",,,,,ZIP
ERCOT,ONC,,"76462",WEST,,,,DC+ZIP+CZ
ERCOT,TNP,,"76463",,,,,DC+ZIP
ERCOT,CPL,,"76464",WEST,,,,DC+ZIP+CZ
ERCOT,WTU,,"76464",,,,,DC+ZIP
ERCOT,,,"76465",,,,,ZIP
ERCOT,ONC,,"76466",WEST,,,,DC+ZIP+CZ
ERCOT,,,"76467",,,,,ZIP
ERCOT,,,"76468",,,,,ZIP
ERCOT,CPL,,"76469",WEST,,,,DC+ZIP+CZ
ERCOT,WTU,,"76469",,,,,DC+ZIP
ERCOT,ONC,,"76470",WEST,,,,DC+ZIP+CZ
ERCOT,CPL,,"76471",WEST,,,,DC+ZIP+CZ
ERCOT,WTU,,"76471",,,,,DC+ZIP
ERCOT,ONC,,"76472",,,,,DC+ZIP
ERCOT,TNP,,"76472",,,,,DC+ZIP
ERCOT,,,"76474",,,,,ZIP
ERCOT,ONC,,"76475",,,,,DC+ZIP
ERCOT,TNP,,"76475",,,,,DC+ZIP
ERCOT,TNP,,"76476",,,,,DC+ZIP
ERCOT,ONC,,"76481",,,,,DC+ZIP
ERCOT,TNP,,"76481",,,,,DC+ZIP
ERCOT,CPL,,"76483",WEST,,,,DC+ZIP+CZ
ERCOT,WTU,,"76483",,,,,DC+ZIP
ERCOT,ONC,,"76484",,,,,DC+ZIP
ERCOT,,,"76485",,,,,ZIP
ERCOT,ONC,,"76486",WEST,,,,DC+ZIP+CZ
ERCOT,ONC,,"76487",NORTH,,,,DC+ZIP+CZ
ERCOT,ONC,,"76490",,,,,DC+ZIP
ERCOT,WTU,,"76491",NORTH,,,,DC+ZIP+CZ
ERCOT,ONC,,"76501",NORTH,,,,DC+ZIP+CZ
ERCOT,ONC,,"76502",NORTH,,,,DC+ZIP+CZ
ERCOT,ONC,,"76503",NORTH,,,,DC+ZIP+CZ
ERCOT,ONC,,"76504",NORTH,,,,DC+ZIP+CZ
ERCOT,ONC,,"76505",NORTH,,,,DC+ZIP+CZ
ERCOT,ONC,,"76508",NORTH,,,,DC+ZIP+CZ
ERCOT,ONC,,"76511",NORTH,,,,DC+ZIP+CZ
ERCOT,ONC,,"76513",NORTH,,,,DC+ZIP+CZ
ERCOT,ONC,,"76518",SOUTH,,,,DC+ZIP+CZ
ERCOT,ONC,,"76519",SOUTH,,,,DC+ZIP+CZ
ERCOT,ONC,,"76520",SOUTH,,,,DC+ZIP+CZ
ERCOT,ONC,,"76522",NORTH,,,,DC+ZIP+CZ
ERCOT,,,"76523",,,,,ZIP
ERCOT,ONC,,"76524",NORTH,,,,DC+ZIP+CZ
ERCOT,,,"76525",,,,,ZIP
ERCOT,,,"76526",,,,,ZIP
ERCOT,ONC,,"76527",SOUTH,,,,DC+ZIP+CZ
ERCOT,TNP,,"76528",,,,,DC+ZIP
ERCOT,ONC,,"76530",NORTH,,,,DC+ZIP+CZ
ERCOT,TNP,,"76531",,,,,DC+ZIP
ERCOT,,,"76533",,,,,ZIP
ERCOT,ONC,,"76534",NORTH,,,,DC+ZIP+CZ
ERCOT,ONC,,"76537",SOUTH,,,,DC+ZIP+CZ
ERCOT,TNP,,"76538",,,,,DC+ZIP
ERCOT,ONC,,"76539",NORTH,,,,DC+ZIP+CZ
ERCOT,ONC,,"76540",NORTH,,,,DC+ZIP+CZ
ERCOT,ONC,,"76541",NORTH,,,,DC+ZIP+CZ
ERCOT,ONC,,"76542",NORTH,,,,DC+ZIP+CZ
ERCOT,ONC,,"76543",NORTH,,,,DC+ZIP+CZ
ERCOT,ONC,,"76544",NORTH,,,,DC+ZIP+CZ
ERCOT,ONC,,"76545",,,,,DC+ZIP
ERCOT,,,"76546",,,,,ZIP
ERCOT,ONC,,"76547",NORTH,,,,DC+ZIP+CZ
ERCOT,ONC,,"76548",NORTH,,,,DC+ZIP+CZ
ERCOT,ONC,,"76549",NORTH,,,,DC+ZIP+CZ
ERCOT,,,"76550",,,,,ZIP
ERCOT,ONC,,"76554",NORTH,,,,DC+ZIP+CZ
ERCOT,,,"76555",,,,,ZIP
ERCOT,ONC,,"76556",SOUTH,,,,DC+ZIP+CZ
ERCOT,ONC,,"76557",NORTH,,,,DC+ZIP+CZ
ERCOT,,,"76558",,,,,ZIP
ERCOT,ONC,,"76559",NORTH,,,,DC+ZIP+CZ
ERCOT,ONC,,"76561",NORTH,,,,DC+ZIP+CZ
ERCOT,ONC,,"76564",,,,,DC+ZIP
ERCOT,ONC,,"76565",,,,,DC+ZIP
ERCOT,TNP,,"76566",,,,,DC+ZIP
ERCOT,ONC,,"76567",SOUTH,,,,DC+ZIP+CZ
ERCOT,ONC,,"76569",NORTH,,,,DC+ZIP+CZ
ERCOT,ONC,,"76570",NORTH,,,,DC+ZIP+CZ
ERCOT,ONC,,"76571",NORTH,,,,DC+ZIP+CZ
ERCOT,ONC,,"76573",SOUTH,,,,DC+ZIP+CZ
ERCOT,ONC,,"76574",SOUTH,,,,DC+ZIP+CZ
ERCOT,ONC,,"76577",SOUTH,,,,DC+ZIP+CZ
ERCOT,ONC,,"76578",SOUTH,,,,DC+ZIP+CZ
ERCOT,ONC,,"76579",NORTH,,,,DC+ZIP+CZ
ERCOT,TNP,,"76596",,,,,DC+ZIP
ERCOT,,,"76597",,,,,ZIP
ERCOT,,,"76598",,,,,ZIP
ERCOT,,,"76599",,,,,ZIP
ERCOT,ONC,,"76621",NORTH,,,,DC+ZIP+CZ
ERCOT,,,"76622",,,,,ZIP
ERCOT,ONC,,"76623",NORTH,,,,DC+ZIP+CZ
ERCOT,ONC,,"76624",NORTH,,,,DC+ZIP+CZ
ERCOT,ONC,,"76626",NORTH,,,,DC+ZIP+CZ
ERCOT,TNP,,"76627",,,,,DC+ZIP
ERCOT,ONC,,"76628",,,,,DC+ZIP
ERCOT,TNP,,"76629",,,,,DC+ZIP
ERCOT,ONC,,"76630",NORTH,,,,DC+ZIP+CZ
ERCOT,ONC,,"76631",NORTH,,,,DC+ZIP+CZ
ERCOT,ONC,,"76632",NORTH,,,,DC+ZIP+CZ
ERCOT,ONC,,"76633",NORTH,,,,DC+ZIP+CZ
ERCOT,TNP,,"76634",,,,,DC+ZIP
ERCOT,ONC,,"76635",NORTH,,,,DC+ZIP+CZ
ERCOT,ONC,,"76636",,,,,DC+ZIP
ERCOT,TNP,,"76636",,,,,DC+ZIP
ERCOT,,,"76637",,,,,ZIP
ERCOT,ONC,,"76638",,,,,DC+ZIP
ERCOT,TNP,,"76638",,,,,DC+ZIP
ERCOT,ONC,,"76639",NORTH,,,,DC+ZIP+CZ
ERCOT,ONC,,"76640",NORTH,,,,DC+ZIP+CZ
ERCOT,ONC,,"76641",NORTH,,,,DC+ZIP+CZ
ERCOT,ONC,,"76642",NORTH,,,,DC+ZIP+CZ
ERCOT,ONC,,"76643",NORTH,,,,DC+ZIP+CZ
ERCOT,,,"76644",,,,,ZIP
ERCOT,ONC,,"76645",NORTH,,,,DC+ZIP+CZ
ERCOT,ONC,,"76648",NORTH,,,,DC+ZIP+CZ
ERCOT,TNP,,"76649",,,,,DC+ZIP
ERCOT,ONC,,"76650",NORTH,,,,DC+ZIP+CZ
ERCOT,ONC,,"76651",NORTH,,,,DC+ZIP+CZ
ERCOT,TNP,,"76652",,,,,DC+ZIP
ERCOT,,,"76653",,,,,ZIP
ERCOT,ONC,,"76654",NORTH,,,,DC+ZIP+CZ
ERCOT,ONC,,"76655",NORTH,,,,DC+ZIP+CZ
ERCOT,ONC,,"76656",NORTH,,,,DC+ZIP+CZ
ERCOT,ONC,,"76657",NORTH,,,,DC+ZIP+CZ
ERCOT,TNP,,"76657",,,,,DC+ZIP
ERCOT,ONC,,"76660",NORTH,,,,DC+ZIP+CZ
ERCOT,ONC,,"76661",NORTH,,,,DC+ZIP+CZ
ERCOT,ONC,,"76664",NORTH,,,,DC+ZIP+CZ
ERCOT,TNP,,"76665",,,,,DC+ZIP
ERCOT,ONC,,"76666",NORTH,,,,DC+ZIP+CZ
ERCOT,ONC,,"76667",NORTH,,,,DC+ZIP+CZ
ERCOT,ONC,,"76670",NORTH,,,,DC+ZIP+CZ
ERCOT,ONC,,"76671",,,,,DC+ZIP
ERCOT,TNP,,"76671",,,,,DC+ZIP
ERCOT,ONC,,"76673",NORTH,,,,DC+ZIP+CZ
ERCOT,ONC,,"76675",,,,,DC+ZIP
ERCOT,ONC,,"76676",NORTH,,,,DC+ZIP+CZ
ERCOT,,,"76677",,,,,ZIP
ERCOT,ONC,,"76678",NORTH,,,,DC+ZIP+CZ
ERCOT,ONC,,"76679",NORTH,,,,DC+ZIP+CZ
ERCOT,ONC,,"76680",NORTH,,,,DC+ZIP+CZ
ERCOT,ONC,,"76681",NORTH,,,,DC+ZIP+CZ
ERCOT,ONC,,"76682",NORTH,,,,DC+ZIP+CZ
ERCOT,,,"76684",,,,,ZIP
ERCOT,ONC,,"76685",NORTH,,,,DC+ZIP+CZ
ERCOT,ONC,,"76686",NORTH,,,,DC+ZIP+CZ
ERCOT,ONC,,"76687",NORTH,,,,DC+ZIP+CZ
ERCOT,TNP,,"76689",,,,,DC+ZIP
ERCOT,TNP,,"76690",,,,,DC+ZIP
ERCOT,ONC,,"76691",NORTH,,,,DC+ZIP+CZ
ERCOT,ONC,,"76692",,,,,DC+ZIP
ERCOT,TNP,,"76692",,,,,DC+ZIP
ERCOT,ONC,,"76693",NORTH,,,,DC+ZIP+CZ
ERCOT,ONC,,"76701",NORTH,,,,DC+ZIP+CZ
ERCOT,ONC,,"76702",NORTH,,,,DC+ZIP+CZ
ERCOT,ONC,,"76703",NORTH,,,,DC+ZIP+CZ
ERCOT,ONC,,"76704",NORTH,,,,DC+ZIP+CZ
ERCOT,ONC,,"76705",NORTH,,,,DC+ZIP+CZ
ERCOT,ONC,,"76706",NORTH,,,,DC+ZIP+CZ
ERCOT,ONC,,"76707",NORTH,,,,DC+ZIP+CZ
ERCOT,ONC,,"76708",NORTH,,,,DC+ZIP+CZ
ERCOT,ONC,,"76710",NORTH,,,,DC+ZIP+CZ
ERCOT,ONC,,"76711",NORTH,,,,DC+ZIP+CZ
ERCOT,ONC,,"76712",NORTH,,,,DC+ZIP+CZ
ERCOT,ONC,,"76714",NORTH,,,,DC+ZIP+CZ
ERCOT,,,"76715",,,,,ZIP
ERCOT,,,"76716",,,,,ZIP
ERCOT,,,"76795",,,,,ZIP
ERCOT,ONC,,"76797",NORTH,,,,DC+ZIP+CZ
ERCOT,ONC,,"76798",NORTH,,,,DC+ZIP+CZ
ERCOT,ONC,,"76799",NORTH,,,,DC+ZIP+CZ
ERCOT,ONC,,"76801",NORTH,,,,DC+ZIP+CZ
ERCOT,WTU,,"76801",,,,,DC+ZIP
ERCOT,ONC,,"76802",NORTH,,,,DC+ZIP+CZ
ERCOT,WTU,,"76803",NORTH,,,,DC+ZIP+CZ
ERCOT,ONC,,"76804",NORTH,,,,DC+ZIP+CZ
ERCOT,,,"76820",,,,,ZIP
ERCOT,CPL,,"76821",WEST,,,,DC+ZIP+CZ
ERCOT,WTU,,"76821",,,,,DC+ZIP
ERCOT,ONC,,"76823",NORTH,,,,DC+ZIP+CZ
ERCOT,,,"76824",,,,,ZIP
ERCOT,ONC,,"76825",,,,,DC+ZIP
ERCOT,WTU,,"76825",,,,,DC+ZIP
ERCOT,ONC,,"76827",,,,,DC+ZIP
ERCOT,CPL,,"76828",WEST,,,,DC+ZIP+CZ
ERCOT,WTU,,"76828",,,,,DC+ZIP
ERCOT,,,"76831",,,,,ZIP
ERCOT,,,"76832",,,,,ZIP
ERCOT,,,"76834",,,,,ZIP
ERCOT,ONC,,"76836",,,,,DC+ZIP
ERCOT,ONC,,"76837",,,,,DC+ZIP
ERCOT,,,"76841",,,,,ZIP
ERCOT,,,"76842",,,,,ZIP
ERCOT,ONC,,"76844",,,,,DC+ZIP
ERCOT,,,"76845",,,,,ZIP
ERCOT,ONC,,"76848",,,,,DC+ZIP
ERCOT,CPL,,"76849",SOUTH,,,,DC+ZIP+CZ
ERCOT,WTU,,"76849",,,,,DC+ZIP
ERCOT,ONC,,"76852",,,,,DC+ZIP
ERCOT,ONC,,"76853",,,,,DC+ZIP
ERCOT,ONC,,"76854",,,,,DC+ZIP
ERCOT,,,"76855",,,,,ZIP
ERCOT,ONC,,"76856",,,,,DC+ZIP
ERCOT,CPL,,"76857",WEST,,,,DC+ZIP+CZ
ERCOT,WTU,,"76857",,,,,DC+ZIP
ERCOT,ONC,,"76858",,,,,DC+ZIP
ERCOT,ONC,,"76859",,,,,DC+ZIP
ERCOT,CPL,,"76861",WEST,,,,DC+ZIP+CZ
ERCOT,WTU,,"76861",,,,,DC+ZIP
ERCOT,ONC,,"76862",,,,,DC+ZIP
ERCOT,ONC,,"76864",,,,,DC+ZIP
ERCOT,CPL,,"76865",WEST,,,,DC+ZIP+CZ
ERCOT,WTU,,"76865",,,,,DC+ZIP
ERCOT,CPL,,"76866",WEST,,,,DC+ZIP+CZ
ERCOT,WTU,,"76866",,,,,DC+ZIP
ERCOT,,,"76867",,,,,ZIP
ERCOT,,,"76869",,,,,ZIP
ERCOT,ONC,,"76870",,,,,DC+ZIP
ERCOT,ONC,,"76871",,,,,DC+ZIP
ERCOT,ONC,,"76872",,,,,DC+ZIP
ERCOT,,,"76873",,,,,ZIP
ERCOT,,,"76874",,,,,ZIP
ERCOT,CPL,,"76875",WEST,,,,DC+ZIP+CZ
ERCOT,WTU,,"76875",,,,,DC+ZIP
ERCOT,ONC,,"76877",WEST,,,,DC+ZIP+CZ
ERCOT,ONC,,"76878",,,,,DC+ZIP
ERCOT,,,"76880",,,,,ZIP
ERCOT,CPL,,"76882",WEST,,,,DC+ZIP+CZ
ERCOT,WTU,,"76882",,,,,DC+ZIP
ERCOT,,,"76883",,,,,ZIP
ERCOT,CPL,,"76884",WEST,,,,DC+ZIP+CZ
ERCOT,ONC,,"76884",,,,,DC+ZIP
ERCOT,TNP,,"76884",,,,,DC+ZIP
ERCOT,WTU,,"76884",,,,,DC+ZIP
ERCOT,,,"76885",,,,,ZIP
ERCOT,CPL,,"76886",WEST,,,,DC+ZIP+CZ
ERCOT,WTU,,"76886",,,,,DC+ZIP
ERCOT,ONC,,"76887",,,,,DC+ZIP
ERCOT,,,"76888",,,,,ZIP
ERCOT,ONC,,"76890",WEST,,,,DC+ZIP+CZ
ERCOT,CPL,,"76901",WEST,,,,DC+ZIP+CZ
ERCOT,WTU,,"76901",,,,,DC+ZIP
ERCOT,CPL,,"76902",WEST,,,,DC+ZIP+CZ
ERCOT,WTU,,"76902",,,,,DC+ZIP
ERCOT,CPL,,"76903",WEST,,,,DC+ZIP+CZ
ERCOT,WTU,,"76903",,,,,DC+ZIP
ERCOT,CPL,,"76904",WEST,,,,DC+ZIP+CZ
ERCOT,WTU,,"76904",,,,,DC+ZIP
ERCOT,CPL,,"76905",WEST,,,,DC+ZIP+CZ
ERCOT,WTU,,"76905",,,,,DC+ZIP
ERCOT,CPL,,"76906",WEST,,,,DC+ZIP+CZ
ERCOT,WTU,,"76906",,,,,DC+ZIP
ERCOT,CPL,,"76908",WEST,,,,DC+ZIP+CZ
ERCOT,CPL,,"76909",WEST,,,,DC+ZIP+CZ
ERCOT,WTU,,"76909",,,,,DC+ZIP
ERCOT,CPL,,"76930",WEST,,,,DC+ZIP+CZ
ERCOT,WTU,,"76930",,,,,DC+ZIP
ERCOT,ONC,,"76932",,,,,DC+ZIP
ERCOT,CPL,,"76933",WEST,,,,DC+ZIP+CZ
ERCOT,WTU,,"76933",,,,,DC+ZIP
ERCOT,ONC,,"76934",,,,,DC+ZIP
ERCOT,CPL,,"76935",WEST,,,,DC+ZIP+CZ
ERCOT,WTU,,"76935",,,,,DC+ZIP
ERCOT,CPL,,"76936",WEST,,,,DC+ZIP+CZ
ERCOT,WTU,,"76936",,,,,DC+ZIP
ERCOT,CPL,,"76937",WEST,,,,DC+ZIP+CZ
ERCOT,WTU,,"76937",,,,,DC+ZIP
ERCOT,CPL,,"76939",WEST,,,,DC+ZIP+CZ
ERCOT,WTU,,"76939",,,,,DC+ZIP
ERCOT,CPL,,"76940",WEST,,,,DC+ZIP+CZ
ERCOT,WTU,,"76940",,,,,DC+ZIP
ERCOT,ONC,,"76941",,,,,DC+ZIP
ERCOT,CPL,,"76943",WEST,,,,DC+ZIP+CZ
ERCOT,WTU,,"76943",,,,,DC+ZIP
ERCOT,CPL,,"76945",WEST,,,,DC+ZIP+CZ
ERCOT,WTU,,"76945",,,,,DC+ZIP
ERCOT,,,"76949",,,,,ZIP
ERCOT,CPL,,"76950",WEST,,,,DC+ZIP+CZ
ERCOT,WTU,,"76950",,,,,DC+ZIP
ERCOT,ONC,,"76951",,,,,DC+ZIP
ERCOT,,,"76953",,,,,ZIP
ERCOT,,,"76955",,,,,ZIP
ERCOT,CPL,,"76957",WEST,,,,DC+ZIP+CZ
ERCOT,WTU,,"76957",,,,,DC+ZIP
ERCOT,CPL,,"76958",WEST,,,,DC+ZIP+CZ
ERCOT,WTU,,"76958",,,,,DC+ZIP
ERCOT,CNP,,"77001",HOUSTON,,,,DC+ZIP+CZ
ERCOT,CNP,,"77002",HOUSTON,,,,DC+ZIP+CZ
ERCOT,CNP,,"77003",HOUSTON,,,,DC+ZIP+CZ
ERCOT,CNP,,"77004",HOUSTON,,,,DC+ZIP+CZ
ERCOT,CNP,,"77005",HOUSTON,,,,DC+ZIP+CZ
ERCOT,CNP,,"77006",HOUSTON,,,,DC+ZIP+CZ
ERCOT,CNP,,"77007",HOUSTON,,,,DC+ZIP+CZ
ERCOT,CNP,,"77008",HOUSTON,,,,DC+ZIP+CZ
ERCOT,CNP,,"77009",HOUSTON,,,,DC+ZIP+CZ
ERCOT,CNP,,"77010",HOUSTON,,,,DC+ZIP+CZ
ERCOT,CNP,,"77011",HOUSTON,,,,DC+ZIP+CZ
ERCOT,CNP,,"77012",HOUSTON,,,,DC+ZIP+CZ
ERCOT,CNP,,"77013",HOUSTON,,,,DC+ZIP+CZ
ERCOT,CNP,,"77014",HOUSTON,,,,DC+ZIP+CZ
ERCOT,CNP,,"77015",HOUSTON,,,,DC+ZIP+CZ
ERCOT,CNP,,"77016",HOUSTON,,,,DC+ZIP+CZ
ERCOT,CNP,,"77017",HOUSTON,,,,DC+ZIP+CZ
ERCOT,CNP,,"77018",HOUSTON,,,,DC+ZIP+CZ
ERCOT,CNP,,"77019",HOUSTON,,,,DC+ZIP+CZ
ERCOT,CNP,,"77020",HOUSTON,,,,DC+ZIP+CZ
ERCOT,CNP,,"77021",HOUSTON,,,,DC+ZIP+CZ
ERCOT,CNP,,"77022",HOUSTON,,,,DC+ZIP+CZ
ERCOT,CNP,,"77023",HOUSTON,,,,DC+ZIP+CZ
ERCOT,CNP,,"77024",HOUSTON,,,,DC+ZIP+CZ
ERCOT,CNP,,"77025",HOUSTON,,,,DC+ZIP+CZ
ERCOT,CNP,,"77026",HOUSTON,,,,DC+ZIP+CZ
ERCOT,CNP,,"77027",HOUSTON,,,,DC+ZIP+CZ
ERCOT,CNP,,"77028",HOUSTON,,,,DC+ZIP+CZ
ERCOT,CNP,,"77029",HOUSTON,,,,DC+ZIP+CZ
ERCOT,CNP,,"77030",HOUSTON,,,,DC+ZIP+CZ
ERCOT,CNP,,"77031",HOUSTON,,,,DC+ZIP+CZ
ERCOT,CNP,,"77032",HOUSTON,,,,DC+ZIP+CZ
ERCOT,CNP,,"77033",HOUSTON,,,,DC+ZIP+CZ
ERCOT,CNP,,"77034",HOUSTON,,,,DC+ZIP+CZ
ERCOT,CNP,,"77035",HOUSTON,,,,DC+ZIP+CZ
ERCOT,CNP,,"77036",HOUSTON,,,,DC+ZIP+CZ
ERCOT,CNP,,"77037",HOUSTON,,,,DC+ZIP+CZ
ERCOT,CNP,,"77038",HOUSTON,,,,DC+ZIP+CZ
ERCOT,CNP,,"77039",HOUSTON,,,,DC+ZIP+CZ
ERCOT,CNP,,"77040",HOUSTON,,,,DC+ZIP+CZ
ERCOT,CNP,,"77041",HOUSTON,,,,DC+ZIP+CZ
ERCOT,CNP,,"77042",HOUSTON,,,,DC+ZIP+CZ
ERCOT,CNP,,"77043",HOUSTON,,,,DC+ZIP+CZ
ERCOT,CNP,,"77044",HOUSTON,,,,DC+ZIP+CZ
ERCOT,CNP,,"77045",HOUSTON,,,,DC+ZIP+CZ
ERCOT,CNP,,"77046",HOUSTON,,,,DC+ZIP+CZ
ERCOT,CNP,,"77047",HOUSTON,,,,DC+ZIP+CZ
ERCOT,CNP,,"77048",HOUSTON,,,,DC+ZIP+CZ
ERCOT,CNP,,"77049",HOUSTON,,,,DC+ZIP+CZ
ERCOT,CNP,,"77050",HOUSTON,,,,DC+ZIP+CZ
ERCOT,CNP,,"77051",HOUSTON,,,,DC+ZIP+CZ
ERCOT,,,"77052",,,,,ZIP
ERCOT,CNP,,"77053",HOUSTON,,,,DC+ZIP+CZ
ERCOT,CNP,,"77054",HOUSTON,,,,DC+ZIP+CZ
ERCOT,CNP,,"77055",HOUSTON,,,,DC+ZIP+CZ
ERCOT,CNP,,"77056",HOUSTON,,,,DC+ZIP+CZ
ERCOT,CNP,,"77057",HOUSTON,,,,DC+ZIP+CZ
ERCOT,CNP,,"77058",HOUSTON,,,,DC+ZIP+CZ
ERCOT,CNP,,"77059",HOUSTON,,,,DC+ZIP+CZ
ERCOT,CNP,,"77060",HOUSTON,,,,DC+ZIP+CZ
ERCOT,CNP,,"77061",HOUSTON,,,,DC+ZIP+CZ
ERCOT,CNP,,"77062",HOUSTON,,,,DC+ZIP+CZ
ERCOT,CNP,,"77063",HOUSTON,,,,DC+ZIP+CZ
ERCOT,CNP,,"77064",HOUSTON,,,,DC+ZIP+CZ
ERCOT,CNP,,"77065",HOUSTON,,,,DC+ZIP+CZ
ERCOT,CNP,,"77066",HOUSTON,,,,DC+ZIP+CZ
ERCOT,CNP,,"77067",HOUSTON,,,,DC+ZIP+CZ
ERCOT,CNP,,"77068",HOUSTON,,,,DC+ZIP+CZ
ERCOT,CNP,,"77069",HOUSTON,,,,DC+ZIP+CZ
ERCOT,CNP,,"77070",HOUSTON,,,,DC+ZIP+CZ
ERCOT,CNP,,"77071",HOUSTON,,,,DC+ZIP+CZ
ERCOT,CNP,,"77072",HOUSTON,,,,DC+ZIP+CZ
ERCOT,CNP,,"77073",HOUSTON,,,,DC+ZIP+CZ
ERCOT,CNP,,"77074",HOUSTON,,,,DC+ZIP+CZ
ERCOT,CNP,,"77075",HOUSTON,,,,DC+ZIP+CZ
ERCOT,CNP,,"77076",HOUSTON,,,,DC+ZIP+CZ
ERCOT,CNP,,"77077",HOUSTON,,,,DC+ZIP+CZ
ERCOT,CNP,,"77078",HOUSTON,,,,DC+ZIP+CZ
ERCOT,CNP,,"77079",HOUSTON,,,,DC+ZIP+CZ
ERCOT,CNP,,"77080",HOUSTON,,,,DC+ZIP+CZ
ERCOT,CNP,,"77081",HOUSTON,,,,DC+ZIP+CZ
ERCOT,CNP,,"77082",HOUSTON,,,,DC+ZIP+CZ
ERCOT,CNP,,"77083",HOUSTON,,,,DC+ZIP+CZ
ERCOT,CNP,,"77084",HOUSTON,,,,DC+ZIP+CZ
ERCOT,CNP,,"77085",HOUSTON,,,,DC+ZIP+CZ
ERCOT,CNP,,"77086",HOUSTON,,,,DC+ZIP+CZ
ERCOT,CNP,,"77087",HOUSTON,,,,DC+ZIP+CZ
ERCOT,CNP,,"77088",HOUSTON,,,,DC+ZIP+CZ
ERCOT,CNP,,"77089",HOUSTON,,,,DC+ZIP+CZ
ERCOT,CNP,,"77090",HOUSTON,,,,DC+ZIP+CZ
ERCOT,CNP,,"77091",HOUSTON,,,,DC+ZIP+CZ
ERCOT,CNP,,"77092",HOUSTON,,,,DC+ZIP+CZ
ERCOT,CNP,,"77093",HOUSTON,,,,DC+ZIP+CZ
ERCOT,CNP,,"77094",HOUSTON,,,,DC+ZIP+CZ
ERCOT,CNP,,"77095",HOUSTON,,,,DC+ZIP+CZ
ERCOT,CNP,,"77096",HOUSTON,,,,DC+ZIP+CZ
ERCOT,,,"77097",,,,,ZIP
ERCOT,CNP,,"77098",HOUSTON,,,,DC+ZIP+CZ
ERCOT,CNP,,"77099",HOUSTON,,,,DC+ZIP+CZ
ERCOT,CNP,,"77201",,,,,DC+ZIP
ERCOT,,,"77202",,,,,ZIP
ERCOT,,,"77203",,,,,ZIP
ERCOT,CNP,,"77204",,,,,DC+ZIP
ERCOT,,,"77205",,,,,ZIP
ERCOT,,,"77206",,,,,ZIP
ERCOT,,,"77207",,,,,ZIP
ERCOT,,,"77208",,,,,ZIP
ERCOT,,,"77209",,,,,ZIP
ERCOT,CNP,,"77210",HOUSTON,,,,DC+ZIP+CZ
ERCOT,,,"77212",,,,,ZIP
ERCOT,,,"77213",,,,,ZIP
ERCOT,,,"77215",,,,,ZIP
ERCOT,,,"77216",,,,,ZIP
ERCOT,,,"77217",,,,,ZIP
ERCOT,,,"77218",,,,,ZIP
ERCOT,,,"77219",,,,,ZIP
ERCOT,,,"77220",,,,,ZIP
ERCOT,,,"77221",,,,,ZIP
ERCOT,,,"77222",,,,,ZIP
ERCOT,,,"77223",,,,,ZIP
ERCOT,,,"77224",,,,,ZIP
ERCOT,,,"77225",,,,,ZIP
ERCOT,,,"77226",,,,,ZIP
ERCOT,CNP,,"77227",HOUSTON,,,,DC+ZIP+CZ
ERCOT,,,"77228",,,,,ZIP
ERCOT,CNP,,"77229",HOUSTON,,,,DC+ZIP+CZ
ERCOT,,,"77230",,,,,ZIP
ERCOT,,,"77231",,,,,ZIP
ERCOT,,,"77233",,,,,ZIP
ERCOT,,,"77234",,,,,ZIP
ERCOT,,,"77235",,,,,ZIP
ERCOT,,,"77236",,,,,ZIP
ERCOT,,,"77237",,,,,ZIP
ERCOT,,,"77238",,,,,ZIP
ERCOT,,,"77240",,,,,ZIP
ERCOT,,,"77241",,,,,ZIP
ERCOT,,,"77242",,,,,ZIP
ERCOT,,,"77243",,,,,ZIP
ERCOT,,,"77244",,,,,ZIP
ERCOT,,,"77245",,,,,ZIP
ERCOT,,,"77248",,,,,ZIP
ERCOT,,,"77249",,,,,ZIP
ERCOT,CNP,,"77251",HOUSTON,,,,DC+ZIP+CZ
ERCOT,,,"77252",,,,,ZIP
ERCOT,CNP,,"77253",HOUSTON,,,,DC+ZIP+CZ
ERCOT,,,"77254",,,,,ZIP
ERCOT,,,"77255",,,,,ZIP
ERCOT,,,"77256",,,,,ZIP
ERCOT,,,"77257",,,,,ZIP
ERCOT,,,"77258",,,,,ZIP
ERCOT,,,"77259",,,,,ZIP
ERCOT,,,"77261",,,,,ZIP
ERCOT,,,"77262",,,,,ZIP
ERCOT,,,"77263",,,,,ZIP
ERCOT,,,"77265",,,,,ZIP
ERCOT,,,"77266",,,,,ZIP
ERCOT,CNP,,"77267",,,,,DC+ZIP
ERCOT,,,"77268",,,,,ZIP
ERCOT,,,"77269",,,,,ZIP
ERCOT,,,"77270",,,,,ZIP
ERCOT,,,"77271",,,,,ZIP
ERCOT,,,"77272",,,,,ZIP
ERCOT,,,"77273",,,,,ZIP
ERCOT,,,"77274",,,,,ZIP
ERCOT,,,"77275",,,,,ZIP
ERCOT,,,"77277",,,,,ZIP
ERCOT,,,"77279",,,,,ZIP
ERCOT,,,"77280",,,,,ZIP
ERCOT,,,"77281",,,,,ZIP
ERCOT,,,"77282",,,,,ZIP
ERCOT,,,"77284",,,,,ZIP
ERCOT,,,"77287",,,,,ZIP
ERCOT,,,"77288",,,,,ZIP
ERCOT,,,"77289",,,,,ZIP
ERCOT,,,"77290",,,,,ZIP
ERCOT,,,"77291",,,,,ZIP
ERCOT,,,"77292",,,,,ZIP
ERCOT,,,"77293",,,,,ZIP
ERCOT,,,"77297",,,,,ZIP
ERCOT,,,"77298",,,,,ZIP
ERCOT,,,"77299",,,,,ZIP
ERCOT,CNP,,"77301",HOUSTON,,,,DC+ZIP+CZ
ERCOT,CNP,,"77302",,,,,DC+ZIP
ERCOT,,,"77303",,,,,ZIP
ERCOT,CNP,,"77304",HOUSTON,,,,DC+ZIP+CZ
ERCOT,,,"77305",,,,,ZIP
ERCOT,,,"77306",,,,,ZIP
ERCOT,,,"77315",,,,,ZIP
ERCOT,CNP,,"77316",HOUSTON,,,,DC+ZIP+CZ
ERCOT,CNP,,"77318",,,,,DC+ZIP
ERCOT,,,"77325",,,,,ZIP
ERCOT,,,"77326",,,,,ZIP
ERCOT,,,"77327",,,,,ZIP
ERCOT,,,"77328",,,,,ZIP
ERCOT,,,"77331",,,,,ZIP
ERCOT,,,"77332",,,,,ZIP
ERCOT,,,"77333",,,,,ZIP
ERCOT,,,"77335",,,,,ZIP
ERCOT,CNP,,"77336",HOUSTON,,,,DC+ZIP+CZ
ERCOT,,,"77337",,,,,ZIP
ERCOT,CNP,,"77338",HOUSTON,,,,DC+ZIP+CZ
ERCOT,CNP,,"77339",HOUSTON,,,,DC+ZIP+CZ
ERCOT,CNP,,"77345",HOUSTON,,,,DC+ZIP+CZ
ERCOT,CNP,,"77346",HOUSTON,,,,DC+ZIP+CZ
ERCOT,,,"77347",,,,,ZIP
ERCOT,,,"77350",,,,,ZIP
ERCOT,,,"77351",,,,,ZIP
ERCOT,,,"77353",,,,,ZIP
ERCOT,CNP,,"77354",HOUSTON,,,,DC+ZIP+CZ
ERCOT,CNP,,"77355",HOUSTON,,,,DC+ZIP+CZ
ERCOT,CNP,,"77356",HOUSTON,,,,DC+ZIP+CZ
ERCOT,CNP,,"77357",,,,,DC+ZIP
ERCOT,,,"77359",,,,,ZIP
ERCOT,,,"77360",,,,,ZIP
ERCOT,CNP,,"77362",HOUSTON,,,,DC+ZIP+CZ
ERCOT,,,"77363",,,,,ZIP
ERCOT,,,"77364",,,,,ZIP
ERCOT,CNP,,"77365",HOUSTON,,,,DC+ZIP+CZ
ERCOT,,,"77368",,,,,ZIP
ERCOT,,,"77369",,,,,ZIP
ERCOT,,,"77371",,,,,ZIP
ERCOT,,,"77372",,,,,ZIP
ERCOT,CNP,,"77373",HOUSTON,,,,DC+ZIP+CZ
ERCOT,,,"77374",,,,,ZIP
ERCOT,CNP,,"77375",HOUSTON,,,,DC+ZIP+CZ
ERCOT,,,"77376",,,,,ZIP
ERCOT,CNP,,"77377",HOUSTON,,,,DC+ZIP+CZ
ERCOT,,,"77378",,,,,ZIP
ERCOT,CNP,,"77379",HOUSTON,,,,DC+ZIP+CZ
ERCOT,CNP,,"77380",HOUSTON,,,,DC+ZIP+CZ
ERCOT,CNP,,"77381",HOUSTON,,,,DC+ZIP+CZ
ERCOT,CNP,,"77382",HOUSTON,,,,DC+ZIP+CZ
ERCOT,,,"77383",,,,,ZIP
ERCOT,CNP,,"77384",HOUSTON,,,,DC+ZIP+CZ
ERCOT,CNP,,"77385",HOUSTON,,,,DC+ZIP+CZ
ERCOT,CNP,,"77386",HOUSTON,,,,DC+ZIP+CZ
ERCOT,,,"77387",,,,,ZIP
ERCOT,CNP,,"77388",,,,,DC+ZIP
ERCOT,CNP,,"77389",HOUSTON,,,,DC+ZIP+CZ
ERCOT,,,"77391",,,,,ZIP
ERCOT,,,"77393",,,,,ZIP
ERCOT,CNP,,"77396",HOUSTON,,,,DC+ZIP+CZ
ERCOT,,,"77399",,,,,ZIP
ERCOT,CNP,,"77401",HOUSTON,,,,DC+ZIP+CZ
ERCOT,,,"77402",,,,,ZIP
ERCOT,,,"77404",,,,,ZIP
ERCOT,CNP,,"77406",HOUSTON,,,,DC+ZIP+CZ
ERCOT,CNP,,"77407",,,,,DC+ZIP
ERCOT,CPL,,"77407",HOUSTON,,,,DC+ZIP+CZ
ERCOT,TNP,,"77407",,,,,DC+ZIP
ERCOT,CNP,,"77410",HOUSTON,,,,DC+ZIP+CZ
ERCOT,CNP,,"77411",HOUSTON,,,,DC+ZIP+CZ
ERCOT,,,"77412",,,,,ZIP
ERCOT,,,"77413",,,,,ZIP
ERCOT,CNP,,"77414",,,,,DC+ZIP
ERCOT,,,"77415",,,,,ZIP
ERCOT,CNP,,"77417",HOUSTON,,,,DC+ZIP+CZ
ERCOT,CNP,,"77418",HOUSTON,,,,DC+ZIP+CZ
ERCOT,CPL,,"77419",SOUTH,,,,DC+ZIP+CZ
ERCOT,WTU,,"77419",,,,,DC+ZIP
ERCOT,CNP,,"77420",SOUTH,,,,DC+ZIP+CZ
ERCOT,CNP,,"77422",,,,,DC+ZIP
ERCOT,TNP,,"77422",,,,,DC+ZIP
ERCOT,CNP,,"77423",,,,,DC+ZIP
ERCOT,,,"77426",,,,,ZIP
ERCOT,,,"77428",,,,,ZIP
ERCOT,CNP,,"77429",HOUSTON,,,,DC+ZIP+CZ
ERCOT,CNP,,"77430",HOUSTON,,,,DC+ZIP+CZ
ERCOT,,,"77431",,,,,ZIP
ERCOT,,,"77432",,,,,ZIP
ERCOT,CNP,,"77433",HOUSTON,,,,DC+ZIP+CZ
ERCOT,CNP,,"77434",,,,,DC+ZIP
ERCOT,CNP,,"77435",HOUSTON,,,,DC+ZIP+CZ
ERCOT,CNP,,"77436",SOUTH,,,,DC+ZIP+CZ
ERCOT,CNP,,"77437",,,,,DC+ZIP
ERCOT,CPL,,"77440",SOUTH,,,,DC+ZIP+CZ
PJM,CSPC,,,,AEPOH,,,DC
PJM,OPC,,,,AEPOH,,,DC
NYISO,CHGE,,,E,E,,,DC+CZ
NYISO,CHGE,,,G,G,,,DC+CZ
NYISO,CONE,,,,CONE,,,DC
NYISO,NIMO,,,A,A,,,DC+CZ
NYISO,NIMO,,,B,B,,,DC+CZ
NYISO,NIMO,,,C,C,,,DC+CZ
NYISO,NIMO,,,D,D,,,DC+CZ
NYISO,NIMO,,,E,E,,,DC+CZ
NYISO,NIMO,,,F,F,,,DC+CZ
NYISO,NYOR,,,G,G,,,DC+CZ
NYISO,NYSEG,,,A,A,,,DC+CZ
NYISO,NYSEG,,,C,C,,,DC+CZ
NYISO,NYSEG,,,D,D,,,DC+CZ
NYISO,NYSEG,,,E,E,,,DC+CZ
NYISO,NYSEG,,,F,F,,,DC+CZ
NYISO,NYSEG,,,G,G,,,DC+CZ
NYISO,NYSEG,,,H,H,,,DC+CZ
NYISO,RGE,,,B,B,,,DC+CZ
PJM,CEI,,,,CEI,,,DC
PJM,CGE,,,,CGE,,,DC
PJM,DPL,,,,DPL,,,DC
PJM,OE,,,,OE,,,DC
PJM,PP,,,,PP,,,DC
PJM,TE,,,,TE,,,DC
NEISO,BED,,,,BED,,,DC
NEISO,CAMB,,,,CAMB,,,DC
NEISO,CLP,,,,CLP,,,DC
NEISO,COME,,,,COME,,,DC
NEISO,FITCH,,,,FITCH,,,DC
NEISO,MSEL,,,,MSEL,,,DC
NEISO,MWST,,,,MWST,,,DC
NEISO,NANEL,,,,NANEL,,,DC
NEISO,UI,,,,UI,,,DC
PJM,AECO,,,,AECO,,,DC
PJM,APMD,,,,APMD,,,DC
PJM,APPA,,,,APPA,,,DC
PJM,BGE,,,,BGE,,,DC
PJM,COMED,,,,COMED,,,DC
PJM,DPLDE,,,,DPLDE,,,DC
PJM,DPLMD,,,,DPLMD,,,DC
PJM,DQE,,,,DQE,,,DC
PJM,JCPL,,,,JCPL,,,DC
PJM,MET,,,,MET,,,DC
PJM,PECO,,,,PECO,,,DC
PJM,PENELEC,,,,PENELEC,,,DC
PJM,PEPCODC,,,,PEPCODC,,,DC
PJM,PEPCOMD,,,,PEPCOMD,,,DC
PJM,PPL,,,,PPL,,,DC
PJM,PSEG,,,,PSEG,,,DC
PJM,RECO,,,,RECO,,,DC
PJM,UGI,,,,PPL,,,DC
NEISO,BHE,,,,ME,,,DC
NEISO,CMP,,,,ME,,,DC
NEISO,NECO,,,,ZRI,,,DC
NEISO,GSE,,,,NH,,,DC
NEISO,NHEC,,,,NH,,,DC
NEISO,PSNH,,,,NH,,,DC
NEISO,UES,,,,NH,,,DC
ERCOT,CPL,,"73301",SOUTH,,,,DC+ZIP+CZ
ERCOT,CPL,,"73344",SOUTH,,,,DC+ZIP+CZ
ERCOT,ONC,,"75001",NORTH,,,,DC+ZIP+CZ
ERCOT,ONC,,"75002",NORTH,,,,DC+ZIP+CZ
ERCOT,ONC,,"75006",NORTH,,,,DC+ZIP+CZ
ERCOT,ONC,,"75007",NORTH,,,,DC+ZIP+CZ
ERCOT,,,"75008",,,,,ZIP
ERCOT,ONC,,"75009",NORTH,,,,DC+ZIP+CZ
ERCOT,ONC,,"75010",NORTH,,,,DC+ZIP+CZ
ERCOT,ONC,,"75011",NORTH,,,,DC+ZIP+CZ
ERCOT,ONC,,"75013",NORTH,,,,DC+ZIP+CZ
ERCOT,,,"75014",,,,,ZIP
ERCOT,ONC,,"75015",NORTH,,,,DC+ZIP+CZ
ERCOT,WTU,,"75015",,,,,DC+ZIP
ERCOT,,,"75016",,,,,ZIP
ERCOT,,,"75017",,,,,ZIP
ERCOT,ONC,,"75019",NORTH,,,,DC+ZIP+CZ
ERCOT,TNP,,"75019",,,,,DC+ZIP
ERCOT,ONC,,"75020",NORTH,,,,DC+ZIP+CZ
ERCOT,ONC,,"75021",NORTH,,,,DC+ZIP+CZ
ERCOT,ONC,,"75022",NORTH,,,,DC+ZIP+CZ
ERCOT,ONC,,"75023",NORTH,,,,DC+ZIP+CZ
ERCOT,ONC,,"75024",NORTH,,,,DC+ZIP+CZ
ERCOT,ONC,,"75025",NORTH,,,,DC+ZIP+CZ
ERCOT,ONC,,"75026",NORTH,,,,DC+ZIP+CZ
ERCOT,,,"75027",,,,,ZIP
ERCOT,ONC,,"75028",NORTH,,,,DC+ZIP+CZ
ERCOT,TNP,,"75028",,,,,DC+ZIP
ERCOT,TNP,,"75029",,,,,DC+ZIP
ERCOT,ONC,,"75030",NORTH,,,,DC+ZIP+CZ
ERCOT,ONC,,"75032",NORTH,,,,DC+ZIP+CZ
ERCOT,ONC,,"75033",NORTH,,,,DC+ZIP+CZ
ERCOT,ONC,,"75034",NORTH,,,,DC+ZIP+CZ
ERCOT,ONC,,"75035",NORTH,,,,DC+ZIP+CZ
ERCOT,,,"75037",,,,,ZIP
ERCOT,ONC,,"75038",NORTH,,,,DC+ZIP+CZ
ERCOT,ONC,,"75039",NORTH,,,,DC+ZIP+CZ
ERCOT,ONC,,"75040",NORTH,,,,DC+ZIP+CZ
ERCOT,ONC,,"75041",NORTH,,,,DC+ZIP+CZ
ERCOT,ONC,,"75042",NORTH,,,,DC+ZIP+CZ
ERCOT,ONC,,"75043",NORTH,,,,DC+ZIP+CZ
ERCOT,ONC,,"75044",NORTH,,,,DC+ZIP+CZ
ERCOT,,,"75045",,,,,ZIP
ERCOT,ONC,,"75046",NORTH,,,,DC+ZIP+CZ
ERCOT,,,"75047",,,,,ZIP
ERCOT,ONC,,"75048",NORTH,,,,DC+ZIP+CZ
ERCOT,,,"75049",,,,,ZIP
ERCOT,ONC,,"75050",NORTH,,,,DC+ZIP+CZ
ERCOT,ONC,,"75051",NORTH,,,,DC+ZIP+CZ
ERCOT,ONC,,"75052",NORTH,,,,DC+ZIP+CZ
ERCOT,ONC,,"75053",NORTH,,,,DC+ZIP+CZ
ERCOT,ONC,,"75054",NORTH,,,,DC+ZIP+CZ
ERCOT,ONC,,"75056",NORTH,,,,DC+ZIP+CZ
ERCOT,TNP,,"75056",,,,,DC+ZIP
ERCOT,WTU,,"75056",,,,,DC+ZIP
ERCOT,ONC,,"75057",,,,,DC+ZIP
ERCOT,TNP,,"75057",,,,,DC+ZIP
ERCOT,ONC,,"75058",NORTH,,,,DC+ZIP+CZ
ERCOT,ONC,,"75060",NORTH,,,,DC+ZIP+CZ
ERCOT,ONC,,"75061",NORTH,,,,DC+ZIP+CZ
ERCOT,ONC,,"75062",NORTH,,,,DC+ZIP+CZ
ERCOT,ONC,,"75063",NORTH,,,,DC+ZIP+CZ
ERCOT,ONC,,"75065",NORTH,,,,DC+ZIP+CZ
ERCOT,ONC,,"75067",NORTH,,,,DC+ZIP+CZ
ERCOT,TNP,,"75067",,,,,DC+ZIP
ERCOT,ONC,,"75068",NORTH,,,,DC+ZIP+CZ
ERCOT,ONC,,"75069",NORTH,,,,DC+ZIP+CZ
ERCOT,ONC,,"75070",NORTH,,,,DC+ZIP+CZ
ERCOT,ONC,,"75071",NORTH,,,,DC+ZIP+CZ
ERCOT,ONC,,"75074",NORTH,,,,DC+ZIP+CZ
ERCOT,ONC,,"75075",NORTH,,,,DC+ZIP+CZ
ERCOT,ONC,,"75076",NORTH,,,,DC+ZIP+CZ
ERCOT,ONC,,"75077",,,,,DC+ZIP
ERCOT,TNP,,"75077",,,,,DC+ZIP
ERCOT,ONC,,"75078",NORTH,,,,DC+ZIP+CZ
ERCOT,ONC,,"75080",NORTH,,,,DC+ZIP+CZ
ERCOT,ONC,,"75081",NORTH,,,,DC+ZIP+CZ
ERCOT,ONC,,"75082",NORTH,,,,DC+ZIP+CZ
ERCOT,ONC,,"75083",NORTH,,,,DC+ZIP+CZ
ERCOT,,,"75085",,,,,ZIP
ERCOT,ONC,,"75086",NORTH,,,,DC+ZIP+CZ
ERCOT,ONC,,"75087",NORTH,,,,DC+ZIP+CZ
ERCOT,ONC,,"75088",NORTH,,,,DC+ZIP+CZ
ERCOT,ONC,,"75089",NORTH,,,,DC+ZIP+CZ
ERCOT,ONC,,"75090",NORTH,,,,DC+ZIP+CZ
ERCOT,ONC,,"75091",NORTH,,,,DC+ZIP+CZ
ERCOT,ONC,,"75092",NORTH,,,,DC+ZIP+CZ
ERCOT,ONC,,"75093",NORTH,,,,DC+ZIP+CZ
ERCOT,ONC,,"75094",NORTH,,,,DC+ZIP+CZ
ERCOT,,,"75097",,,,,ZIP
ERCOT,ONC,,"75098",NORTH,,,,DC+ZIP+CZ
ERCOT,ONC,,"75099",NORTH,,,,DC+ZIP+CZ
ERCOT,ONC,,"75101",NORTH,,,,DC+ZIP+CZ
ERCOT,ONC,,"75102",NORTH,,,,DC+ZIP+CZ
ERCOT,ONC,,"75103",NORTH,,,,DC+ZIP+CZ
ERCOT,ONC,,"75104",NORTH,,,,DC+ZIP+CZ
ERCOT,,,"75105",,,,,ZIP
ERCOT,ONC,,"75106",NORTH,,,,DC+ZIP+CZ
ERCOT,ONC,,"75109",NORTH,,,,DC+ZIP+CZ
ERCOT,ONC,,"75110",NORTH,,,,DC+ZIP+CZ
ERCOT,ONC,,"75114",NORTH,,,,DC+ZIP+CZ
ERCOT,ONC,,"75115",NORTH,,,,DC+ZIP+CZ
ERCOT,ONC,,"75116",NORTH,,,,DC+ZIP+CZ
ERCOT,ONC,,"75117",NORTH,,,,DC+ZIP+CZ
ERCOT,TNP,,"75117",,,,,DC+ZIP
ERCOT,,,"75118",,,,,ZIP
ERCOT,ONC,,"75119",NORTH,,,,DC+ZIP+CZ
ERCOT,ONC,,"75120",NORTH,,,,DC+ZIP+CZ
ERCOT,ONC,,"75121",NORTH,,,,DC+ZIP+CZ
ERCOT,ONC,,"75123",NORTH,,,,DC+ZIP+CZ
ERCOT,ONC,,"75124",NORTH,,,,DC+ZIP+CZ
ERCOT,ONC,,"75125",NORTH,,,,DC+ZIP+CZ
ERCOT,ONC,,"75126",NORTH,,,,DC+ZIP+CZ
ERCOT,ONC,,"75127",,,,,DC+ZIP
ERCOT,ONC,,"75132",NORTH,,,,DC+ZIP+CZ
ERCOT,ONC,,"75134",NORTH,,,,DC+ZIP+CZ
ERCOT,ONC,,"75135",NORTH,,,,DC+ZIP+CZ
ERCOT,ONC,,"75137",NORTH,,,,DC+ZIP+CZ
ERCOT,ONC,,"75138",NORTH,,,,DC+ZIP+CZ
ERCOT,ONC,,"75140",,,,,DC+ZIP
ERCOT,ONC,,"75141",NORTH,,,,DC+ZIP+CZ
ERCOT,WTU,,"75141",,,,,DC+ZIP
ERCOT,ONC,,"75142",NORTH,,,,DC+ZIP+CZ
ERCOT,ONC,,"75143",NORTH,,,,DC+ZIP+CZ
ERCOT,ONC,,"75144",NORTH,,,,DC+ZIP+CZ
ERCOT,ONC,,"75146",NORTH,,,,DC+ZIP+CZ
ERCOT,ONC,,"75147",NORTH,,,,DC+ZIP+CZ
ERCOT,ONC,,"75148",NORTH,,,,DC+ZIP+CZ
ERCOT,ONC,,"75149",NORTH,,,,DC+ZIP+CZ
ERCOT,ONC,,"75150",NORTH,,,,DC+ZIP+CZ
ERCOT,ONC,,"75151",NORTH,,,,DC+ZIP+CZ
ERCOT,ONC,,"75152",NORTH,,,,DC+ZIP+CZ
ERCOT,ONC,,"75153",NORTH,,,,DC+ZIP+CZ
ERCOT,WTU,,"75153",,,,,DC+ZIP
ERCOT,ONC,,"75154",NORTH,,,,DC+ZIP+CZ
ERCOT,ONC,,"75155",NORTH,,,,DC+ZIP+CZ
ERCOT,ONC,,"75156",NORTH,,,,DC+ZIP+CZ
ERCOT,ONC,,"75157",NORTH,,,,DC+ZIP+CZ
ERCOT,ONC,,"75158",,,,,DC+ZIP
ERCOT,ONC,,"75159",NORTH,,,,DC+ZIP+CZ
ERCOT,ONC,,"75160",NORTH,,,,DC+ZIP+CZ
ERCOT,ONC,,"75161",NORTH,,,,DC+ZIP+CZ
ERCOT,ONC,,"75163",NORTH,,,,DC+ZIP+CZ
ERCOT,ONC,,"75164",NORTH,,,,DC+ZIP+CZ
ERCOT,ONC,,"75165",NORTH,,,,DC+ZIP+CZ
ERCOT,ONC,,"75166",NORTH,,,,DC+ZIP+CZ
ERCOT,ONC,,"75167",NORTH,,,,DC+ZIP+CZ
ERCOT,ONC,,"75168",NORTH,,,,DC+ZIP+CZ
ERCOT,ONC,,"75169",NORTH,,,,DC+ZIP+CZ
ERCOT,ONC,,"75172",NORTH,,,,DC+ZIP+CZ
ERCOT,ONC,,"75173",NORTH,,,,DC+ZIP+CZ
ERCOT,ONC,,"75180",NORTH,,,,DC+ZIP+CZ
ERCOT,ONC,,"75181",NORTH,,,,DC+ZIP+CZ
ERCOT,ONC,,"75182",NORTH,,,,DC+ZIP+CZ
ERCOT,ONC,,"75185",NORTH,,,,DC+ZIP+CZ
ERCOT,,,"75187",,,,,ZIP
ERCOT,ONC,,"75189",NORTH,,,,DC+ZIP+CZ
ERCOT,ONC,,"75201",NORTH,,,,DC+ZIP+CZ
ERCOT,ONC,,"75202",NORTH,,,,DC+ZIP+CZ
ERCOT,WTU,,"75202",,,,,DC+ZIP
ERCOT,ONC,,"75203",NORTH,,,,DC+ZIP+CZ
ERCOT,ONC,,"75204",NORTH,,,,DC+ZIP+CZ
ERCOT,ONC,,"75205",NORTH,,,,DC+ZIP+CZ
ERCOT,ONC,,"75206",NORTH,,,,DC+ZIP+CZ
ERCOT,ONC,,"75207",NORTH,,,,DC+ZIP+CZ
ERCOT,ONC,,"75208",NORTH,,,,DC+ZIP+CZ
ERCOT,ONC,,"75209",NORTH,,,,DC+ZIP+CZ
ERCOT,ONC,,"75210",NORTH,,,,DC+ZIP+CZ
ERCOT,ONC,,"75211",NORTH,,,,DC+ZIP+CZ
ERCOT,ONC,,"75212",NORTH,,,,DC+ZIP+CZ
ERCOT,ONC,,"75214",NORTH,,,,DC+ZIP+CZ
ERCOT,ONC,,"75215",NORTH,,,,DC+ZIP+CZ
ERCOT,ONC,,"75216",NORTH,,,,DC+ZIP+CZ
ERCOT,ONC,,"75217",NORTH,,,,DC+ZIP+CZ
ERCOT,ONC,,"75218",NORTH,,,,DC+ZIP+CZ
ERCOT,ONC,,"75219",NORTH,,,,DC+ZIP+CZ
ERCOT,ONC,,"75220",NORTH,,,,DC+ZIP+CZ
ERCOT,ONC,,"75221",NORTH,,,,DC+ZIP+CZ
ERCOT,ONC,,"75222",NORTH,,,,DC+ZIP+CZ
ERCOT,ONC,,"75223",NORTH,,,,DC+ZIP+CZ
ERCOT,ONC,,"75224",NORTH,,,,DC+ZIP+CZ
ERCOT,ONC,,"75225",NORTH,,,,DC+ZIP+CZ
ERCOT,ONC,,"75226",NORTH,,,,DC+ZIP+CZ
ERCOT,ONC,,"75227",NORTH,,,,DC+ZIP+CZ
ERCOT,ONC,,"75228",NORTH,,,,DC+ZIP+CZ
ERCOT,ONC,,"75229",NORTH,,,,DC+ZIP+CZ
ERCOT,ONC,,"75230",NORTH,,,,DC+ZIP+CZ
ERCOT,ONC,,"75231",NORTH,,,,DC+ZIP+CZ
ERCOT,ONC,,"75232",NORTH,,,,DC+ZIP+CZ
ERCOT,ONC,,"75233",NORTH,,,,DC+ZIP+CZ
ERCOT,ONC,,"75234",NORTH,,,,DC+ZIP+CZ
ERCOT,ONC,,"75235",NORTH,,,,DC+ZIP+CZ
ERCOT,ONC,,"75236",NORTH,,,,DC+ZIP+CZ
ERCOT,ONC,,"75237",NORTH,,,,DC+ZIP+CZ
ERCOT,ONC,,"75238",NORTH,,,,DC+ZIP+CZ
ERCOT,ONC,,"75239",,,,,DC+ZIP
ERCOT,ONC,,"75240",NORTH,,,,DC+ZIP+CZ
ERCOT,ONC,,"75241",NORTH,,,,DC+ZIP+CZ
ERCOT,ONC,,"75242",NORTH,,,,DC+ZIP+CZ
ERCOT,ONC,,"75243",NORTH,,,,DC+ZIP+CZ
ERCOT,ONC,,"75244",NORTH,,,,DC+ZIP+CZ
ERCOT,ONC,,"75245",NORTH,,,,DC+ZIP+CZ
ERCOT,ONC,,"75246",NORTH,,,,DC+ZIP+CZ
ERCOT,ONC,,"75247",NORTH,,,,DC+ZIP+CZ
ERCOT,ONC,,"75248",NORTH,,,,DC+ZIP+CZ
ERCOT,ONC,,"75249",NORTH,,,,DC+ZIP+CZ
ERCOT,ONC,,"75250",NORTH,,,,DC+ZIP+CZ
ERCOT,ONC,,"75251",NORTH,,,,DC+ZIP+CZ
ERCOT,ONC,,"75252",NORTH,,,,DC+ZIP+CZ
ERCOT,ONC,,"75253",NORTH,,,,DC+ZIP+CZ
ERCOT,ONC,,"75254",NORTH,,,,DC+ZIP+CZ
ERCOT,ONC,,"75258",NORTH,,,,DC+ZIP+CZ
ERCOT,ONC,,"75260",NORTH,,,,DC+ZIP+CZ
ERCOT,ONC,,"75261",NORTH,,,,DC+ZIP+CZ
ERCOT,ONC,,"75262",NORTH,,,,DC+ZIP+CZ
ERCOT,ONC,,"75263",NORTH,,,,DC+ZIP+CZ
ERCOT,ONC,,"75264",NORTH,,,,DC+ZIP+CZ
ERCOT,ONC,,"75265",NORTH,,,,DC+ZIP+CZ
ERCOT,ONC,,"75266",NORTH,,,,DC+ZIP+CZ
ERCOT,ONC,,"75267",NORTH,,,,DC+ZIP+CZ
ERCOT,ONC,,"75270",NORTH,,,,DC+ZIP+CZ
ERCOT,ONC,,"75275",NORTH,,,,DC+ZIP+CZ
ERCOT,ONC,,"75277",NORTH,,,,DC+ZIP+CZ
ERCOT,ONC,,"75283",NORTH,,,,DC+ZIP+CZ
ERCOT,ONC,,"75284",NORTH,,,,DC+ZIP+CZ
ERCOT,ONC,,"75285",NORTH,,,,DC+ZIP+CZ
ERCOT,ONC,,"75286",NORTH,,,,DC+ZIP+CZ
ERCOT,ONC,,"75287",NORTH,,,,DC+ZIP+CZ
ERCOT,,,"75295",,,,,ZIP
ERCOT,ONC,,"75301",NORTH,,,,DC+ZIP+CZ
ERCOT,ONC,,"75303",NORTH,,,,DC+ZIP+CZ
ERCOT,ONC,,"75310",NORTH,,,,DC+ZIP+CZ
ERCOT,ONC,,"75312",NORTH,,,,DC+ZIP+CZ
ERCOT,TNP,,"75312",,,,,DC+ZIP
ERCOT,WTU,,"75312",,,,,DC+ZIP
ERCOT,ONC,,"75313",NORTH,,,,DC+ZIP+CZ
ERCOT,ONC,,"75315",NORTH,,,,DC+ZIP+CZ
ERCOT,ONC,,"75320",NORTH,,,,DC+ZIP+CZ
ERCOT,ONC,,"75323",NORTH,,,,DC+ZIP+CZ
ERCOT,ONC,,"75326",NORTH,,,,DC+ZIP+CZ
ERCOT,ONC,,"75336",NORTH,,,,DC+ZIP+CZ
ERCOT,ONC,,"75339",NORTH,,,,DC+ZIP+CZ
ERCOT,ONC,,"75342",NORTH,,,,DC+ZIP+CZ
ERCOT,,,"75346",,,,,ZIP
ERCOT,ONC,,"75353",NORTH,,,,DC+ZIP+CZ
ERCOT,ONC,,"75354",NORTH,,,,DC+ZIP+CZ
ERCOT,ONC,,"75355",NORTH,,,,DC+ZIP+CZ
ERCOT,ONC,,"75356",NORTH,,,,DC+ZIP+CZ
ERCOT,ONC,,"75357",NORTH,,,,DC+ZIP+CZ
ERCOT,TNP,,"75357",,,,,DC+ZIP
ERCOT,WTU,,"75357",,,,,DC+ZIP
ERCOT,ONC,,"75359",NORTH,,,,DC+ZIP+CZ
ERCOT,ONC,,"75360",NORTH,,,,DC+ZIP+CZ
ERCOT,ONC,,"75363",NORTH,,,,DC+ZIP+CZ
ERCOT,ONC,,"75364",NORTH,,,,DC+ZIP+CZ
ERCOT,ONC,,"75367",NORTH,,,,DC+ZIP+CZ
ERCOT,ONC,,"75368",NORTH,,,,DC+ZIP+CZ
ERCOT,,,"75369",,,,,ZIP
ERCOT,ONC,,"75370",NORTH,,,,DC+ZIP+CZ
ERCOT,ONC,,"75371",NORTH,,,,DC+ZIP+CZ
ERCOT,ONC,,"75372",NORTH,,,,DC+ZIP+CZ
ERCOT,ONC,,"75373",NORTH,,,,DC+ZIP+CZ
ERCOT,ONC,,"75374",NORTH,,,,DC+ZIP+CZ
ERCOT,ONC,,"75376",NORTH,,,,DC+ZIP+CZ
ERCOT,TNP,,"75376",,,,,DC+ZIP
ERCOT,WTU,,"75376",,,,,DC+ZIP
ERCOT,ONC,,"75378",NORTH,,,,DC+ZIP+CZ
ERCOT,ONC,,"75379",NORTH,,,,DC+ZIP+CZ
ERCOT,ONC,,"75380",NORTH,,,,DC+ZIP+CZ
ERCOT,ONC,,"75381",NORTH,,,,DC+ZIP+CZ
ERCOT,ONC,,"75382",NORTH,,,,DC+ZIP+CZ
ERCOT,ONC,,"75386",NORTH,,,,DC+ZIP+CZ
ERCOT,ONC,,"75387",NORTH,,,,DC+ZIP+CZ
ERCOT,ONC,,"75388",NORTH,,,,DC+ZIP+CZ
ERCOT,ONC,,"75389",NORTH,,,,DC+ZIP+CZ
ERCOT,ONC,,"75390",NORTH,,,,DC+ZIP+CZ
ERCOT,ONC,,"75391",NORTH,,,,DC+ZIP+CZ
ERCOT,ONC,,"75392",NORTH,,,,DC+ZIP+CZ
ERCOT,ONC,,"75393",NORTH,,,,DC+ZIP+CZ
ERCOT,ONC,,"75394",NORTH,,,,DC+ZIP+CZ
ERCOT,ONC,,"75395",NORTH,,,,DC+ZIP+CZ
ERCOT,ONC,,"75396",NORTH,,,,DC+ZIP+CZ
ERCOT,ONC,,"75397",NORTH,,,,DC+ZIP+CZ
ERCOT,ONC,,"75398",NORTH,,,,DC+ZIP+CZ
ERCOT,ONC,,"75401",NORTH,,,,DC+ZIP+CZ
ERCOT,ONC,,"75402",NORTH,,,,DC+ZIP+CZ
ERCOT,ONC,,"75403",,,,,DC+ZIP
ERCOT,ONC,,"75404",,,,,DC+ZIP
ERCOT,ONC,,"75407",NORTH,,,,DC+ZIP+CZ
ERCOT,TNP,,"75407",,,,,DC+ZIP
ERCOT,ONC,,"75409",NORTH,,,,DC+ZIP+CZ
ERCOT,TNP,,"75409",,,,,DC+ZIP
ERCOT,ONC,,"75411",NORTH,,,,DC+ZIP+CZ
ERCOT,TNP,,"75412",,,,,DC+ZIP
ERCOT,TNP,,"75413",,,,,DC+ZIP
ERCOT,ONC,,"75414",,,,,DC+ZIP
ERCOT,TNP,,"75414",,,,,DC+ZIP
ERCOT,CPL,,"75415",,,,,DC+ZIP
ERCOT,ONC,,"75415",NORTH,,,,DC+ZIP+CZ
ERCOT,ONC,,"75416",,,,,DC+ZIP
ERCOT,TNP,,"75416",,,,,DC+ZIP
ERCOT,TNP,,"75417",,,,,DC+ZIP
ERCOT,ONC,,"75418",NORTH,,,,DC+ZIP+CZ
ERCOT,ONC,,"75420",NORTH,,,,DC+ZIP+CZ
ERCOT,ONC,,"75421",NORTH,,,,DC+ZIP+CZ
ERCOT,ONC,,"75422",NORTH,,,,DC+ZIP+CZ
ERCOT,ONC,,"75423",,,,,DC+ZIP
ERCOT,TNP,,"75423",,,,,DC+ZIP
ERCOT,ONC,,"75424",,,,,DC+ZIP
ERCOT,TNP,,"75424",,,,,DC+ZIP
ERCOT,,,"75425",,,,,ZIP
ERCOT,ONC,,"75426",NORTH,,,,DC+ZIP+CZ
ERCOT,ONC,,"75428",NORTH,,,,DC+ZIP+CZ
ERCOT,ONC,,"75429",NORTH,,,,DC+ZIP+CZ
ERCOT,ONC,,"75431",NORTH,,,,DC+ZIP+CZ
ERCOT,ONC,,"75432",NORTH,,,,DC+ZIP+CZ
ERCOT,ONC,,"75433",NORTH,,,,DC+ZIP+CZ
ERCOT,TNP,,"75434",,,,,DC+ZIP
ERCOT,TNP,,"75435",,,,,DC+ZIP
ERCOT,TNP,,"75436",,,,,DC+ZIP
ERCOT,ONC,,"75437",NORTH,,,,DC+ZIP+CZ
ERCOT,ONC,,"75438",NORTH,,,,DC+ZIP+CZ
ERCOT,ONC,,"75439",NORTH,,,,DC+ZIP+CZ
ERCOT,TNP,,"75440",,,,,DC+ZIP
ERCOT,ONC,,"75441",NORTH,,,,DC+ZIP+CZ
ERCOT,ONC,,"75442",NORTH,,,,DC+ZIP+CZ
ERCOT,TNP,,"75442",,,,,DC+ZIP
ERCOT,,,"75443",,,,,ZIP
ERCOT,ONC,,"75446",NORTH,,,,DC+ZIP+CZ
ERCOT,ONC,,"75447",NORTH,,,,DC+ZIP+CZ
ERCOT,ONC,,"75448",NORTH,,,,DC+ZIP+CZ
ERCOT,ONC,,"75449",NORTH,,,,DC+ZIP+CZ
ERCOT,,,"75450",,,,,ZIP
ERCOT,,,"75451",,,,,ZIP
ERCOT,ONC,,"75452",,,,,DC+ZIP
ERCOT,TNP,,"75452",,,,,DC+ZIP
ERCOT,TNP,,"75453",,,,,DC+ZIP
ERCOT,ONC,,"75454",NORTH,,,,DC+ZIP+CZ
ERCOT,,,"75455",,,,,ZIP
ERCOT,,,"75456",,,,,ZIP
ERCOT,,,"75457",,,,,ZIP
ERCOT,ONC,,"75458",,,,,DC+ZIP
ERCOT,ONC,,"75459",NORTH,,,,DC+ZIP+CZ
ERCOT,ONC,,"75460",NORTH,,,,DC+ZIP+CZ
ERCOT,ONC,,"75461",NORTH,,,,DC+ZIP+CZ
ERCOT,ONC,,"75462",NORTH,,,,DC+ZIP+CZ
ERCOT,TNP,,"75462",,,,,DC+ZIP
ERCOT,TNP,,"75468",,,,,DC+ZIP
ERCOT,ONC,,"75469",NORTH,,,,DC+ZIP+CZ
ERCOT,ONC,,"75470",NORTH,,,,DC+ZIP+CZ
ERCOT,,,"75471",,,,,ZIP
ERCOT,TNP,,"75472",,,,,DC+ZIP
ERCOT,ONC,,"75473",NORTH,,,,DC+ZIP+CZ
ERCOT,ONC,,"75474",NORTH,,,,DC+ZIP+CZ
ERCOT,TNP,,"75475",,,,,DC+ZIP
ERCOT,ONC,,"75476",NORTH,,,,DC+ZIP+CZ
ERCOT,ONC,,"75477",NORTH,,,,DC+ZIP+CZ
ERCOT,,,"75478",,,,,ZIP
ERCOT,ONC,,"75479",NORTH,,,,DC+ZIP+CZ
ERCOT,,,"75480",,,,,ZIP
ERCOT,ONC,,"75481",,,,,DC+ZIP
ERCOT,ONC,,"75482",NORTH,,,,DC+ZIP+CZ
ERCOT,ONC,,"75483",NORTH,,,,DC+ZIP+CZ
ERCOT,TNP,,"75485",,,,,DC+ZIP
ERCOT,ONC,,"75486",NORTH,,,,DC+ZIP+CZ
ERCOT,TNP,,"75487",,,,,DC+ZIP
ERCOT,ONC,,"75488",NORTH,,,,DC+ZIP+CZ
ERCOT,TNP,,"75489",,,,,DC+ZIP
ERCOT,TNP,,"75490",,,,,DC+ZIP
ERCOT,TNP,,"75491",,,,,DC+ZIP
ERCOT,ONC,,"75492",NORTH,,,,DC+ZIP+CZ
ERCOT,,,"75493",,,,,ZIP
ERCOT,ONC,,"75495",NORTH,,,,DC+ZIP+CZ
ERCOT,TNP,,"75495",,,,,DC+ZIP
ERCOT,ONC,,"75496",NORTH,,,,DC+ZIP+CZ
ERCOT,ONC,,"75497",NORTH,,,,DC+ZIP+CZ
ERCOT,ONC,,"75501",NORTH,,,,DC+ZIP+CZ
ERCOT,,,"75503",,,,,ZIP
ERCOT,,,"75504",,,,,ZIP
ERCOT,,,"75505",,,,,ZIP
ERCOT,,,"75507",,,,,ZIP
ERCOT,ONC,,"75550",NORTH,,,,DC+ZIP+CZ
ERCOT,,,"75551",,,,,ZIP
ERCOT,ONC,,"75554",,,,,DC+ZIP
ERCOT,,,"75555",,,,,ZIP
ERCOT,,,"75556",,,,,ZIP
ERCOT,,,"75558",,,,,ZIP
ERCOT,,,"75559",,,,,ZIP
ERCOT,,,"75560",,,,,ZIP
ERCOT,,,"75561",,,,,ZIP
ERCOT,,,"75562",,,,,ZIP
ERCOT,,,"75563",,,,,ZIP
ERCOT,,,"75564",,,,,ZIP
ERCOT,,,"75565",,,,,ZIP
ERCOT,,,"75566",,,,,ZIP
ERCOT,,,"75567",,,,,ZIP
ERCOT,,,"75568",,,,,ZIP
ERCOT,,,"75569",,,,,ZIP
ERCOT,,,"75570",,,,,ZIP
ERCOT,,,"75571",,,,,ZIP
ERCOT,,,"75572",,,,,ZIP
ERCOT,,,"75573",,,,,ZIP
ERCOT,,,"75574",,,,,ZIP
ERCOT,,,"75599",,,,,ZIP
ERCOT,,,"75630",,,,,ZIP
ERCOT,,,"75631",,,,,ZIP
ERCOT,,,"75633",,,,,ZIP
ERCOT,,,"75636",,,,,ZIP
ERCOT,,,"75637",,,,,ZIP
ERCOT,,,"75638",,,,,ZIP
ERCOT,,,"75639",,,,,ZIP
ERCOT,,,"75640",,,,,ZIP
ERCOT,,,"75643",,,,,ZIP
ERCOT,ONC,,"75644",NORTH,,,,DC+ZIP+CZ
ERCOT,,,"75645",,,,,ZIP
ERCOT,ONC,,"75652",NORTH,,,,DC+ZIP+CZ
ERCOT,,,"75653",,,,,ZIP
ERCOT,ONC,,"75654",NORTH,,,,DC+ZIP+CZ
ERCOT,,,"75656",,,,,ZIP
ERCOT,,,"75657",,,,,ZIP
ERCOT,,,"75658",,,,,ZIP
ERCOT,,,"75666",,,,,ZIP
ERCOT,ONC,,"75667",NORTH,,,,DC+ZIP+CZ
ERCOT,,,"75668",,,,,ZIP
ERCOT,,,"75669",,,,,ZIP
ERCOT,,,"75680",,,,,ZIP
ERCOT,,,"75681",,,,,ZIP
ERCOT,,,"75682",,,,,ZIP
ERCOT,,,"75683",,,,,ZIP
ERCOT,ONC,,"75684",NORTH,,,,DC+ZIP+CZ
ERCOT,,,"75685",,,,,ZIP
ERCOT,ONC,,"75686",NORTH,,,,DC+ZIP+CZ
ERCOT,,,"75687",,,,,ZIP
ERCOT,,,"75689",,,,,ZIP
ERCOT,,,"75691",,,,,ZIP
ERCOT,,,"75692",,,,,ZIP
ERCOT,ONC,,"75701",NORTH,,,,DC+ZIP+CZ
ERCOT,ONC,,"75702",NORTH,,,,DC+ZIP+CZ
ERCOT,ONC,,"75703",NORTH,,,,DC+ZIP+CZ
ERCOT,ONC,,"75704",NORTH,,,,DC+ZIP+CZ
ERCOT,ONC,,"75705",NORTH,,,,DC+ZIP+CZ
ERCOT,ONC,,"75706",NORTH,,,,DC+ZIP+CZ
ERCOT,ONC,,"75707",NORTH,,,,DC+ZIP+CZ
ERCOT,ONC,,"75708",NORTH,,,,DC+ZIP+CZ
ERCOT,ONC,,"75709",NORTH,,,,DC+ZIP+CZ
ERCOT,ONC,,"75710",NORTH,,,,DC+ZIP+CZ
ERCOT,ONC,,"75711",NORTH,,,,DC+ZIP+CZ
ERCOT,ONC,,"75712",NORTH,,,,DC+ZIP+CZ
ERCOT,ONC,,"75713",NORTH,,,,DC+ZIP+CZ
ERCOT,ONC,,"75750",NORTH,,,,DC+ZIP+CZ
ERCOT,ONC,,"75751",NORTH,,,,DC+ZIP+CZ
ERCOT,ONC,,"75752",NORTH,,,,DC+ZIP+CZ
ERCOT,ONC,,"75754",NORTH,,,,DC+ZIP+CZ
ERCOT,,,"75755",,,,,ZIP
ERCOT,ONC,,"75756",NORTH,,,,DC+ZIP+CZ
ERCOT,ONC,,"75757",NORTH,,,,DC+ZIP+CZ
ERCOT,ONC,,"75758",NORTH,,,,DC+ZIP+CZ
ERCOT,ONC,,"75759",NORTH,,,,DC+ZIP+CZ
ERCOT,ONC,,"75760",NORTH,,,,DC+ZIP+CZ
ERCOT,ONC,,"75762",NORTH,,,,DC+ZIP+CZ
ERCOT,ONC,,"75763",NORTH,,,,DC+ZIP+CZ
ERCOT,ONC,,"75764",NORTH,,,,DC+ZIP+CZ
ERCOT,ONC,,"75766",NORTH,,,,DC+ZIP+CZ
ERCOT,ONC,,"75770",NORTH,,,,DC+ZIP+CZ
ERCOT,ONC,,"75771",NORTH,,,,DC+ZIP+CZ
ERCOT,,,"75772",,,,,ZIP
ERCOT,ONC,,"75773",NORTH,,,,DC+ZIP+CZ
ERCOT,ONC,,"75778",NORTH,,,,DC+ZIP+CZ
ERCOT,ONC,,"75779",NORTH,,,,DC+ZIP+CZ
ERCOT,ONC,,"75780",NORTH,,,,DC+ZIP+CZ
ERCOT,ONC,,"75782",NORTH,,,,DC+ZIP+CZ
ERCOT,ONC,,"75783",NORTH,,,,DC+ZIP+CZ
ERCOT,,,"75784",,,,,ZIP
ERCOT,ONC,,"75785",NORTH,,,,DC+ZIP+CZ
ERCOT,ONC,,"75788",NORTH,,,,DC+ZIP+CZ
ERCOT,ONC,,"75789",NORTH,,,,DC+ZIP+CZ
ERCOT,ONC,,"75790",NORTH,,,,DC+ZIP+CZ
ERCOT,ONC,,"75791",NORTH,,,,DC+ZIP+CZ
ERCOT,,,"75792",,,,,ZIP
ERCOT,,,"75797",,,,,ZIP
ERCOT,ONC,,"75798",,,,,DC+ZIP
ERCOT,ONC,,"75799",,,,,DC+ZIP
ERCOT,ONC,,"75801",NORTH,,,,DC+ZIP+CZ
ERCOT,ONC,,"75802",NORTH,,,,DC+ZIP+CZ
ERCOT,ONC,,"75803",NORTH,,,,DC+ZIP+CZ
ERCOT,ONC,,"75831",NORTH,,,,DC+ZIP+CZ
ERCOT,ONC,,"75832",,,,,DC+ZIP
ERCOT,ONC,,"75833",NORTH,,,,DC+ZIP+CZ
ERCOT,,,"75834",,,,,ZIP
ERCOT,ONC,,"75835",NORTH,,,,DC+ZIP+CZ
ERCOT,,,"75838",,,,,ZIP
ERCOT,ONC,,"75839",NORTH,,,,DC+ZIP+CZ
ERCOT,ONC,,"75840",NORTH,,,,DC+ZIP+CZ
ERCOT,ONC,,"75844",NORTH,,,,DC+ZIP+CZ
ERCOT,,,"75845",,,,,ZIP
ERCOT,CNP,,"75846",,,,,DC+ZIP
ERCOT,ONC,,"75846",NORTH,,,,DC+ZIP+CZ
ERCOT,,,"75847",,,,,ZIP
ERCOT,,,"75848",,,,,ZIP
ERCOT,ONC,,"75849",NORTH,,,,DC+ZIP+CZ
ERCOT,ONC,,"75850",NORTH,,,,DC+ZIP+CZ
ERCOT,ONC,,"75851",NORTH,,,,DC+ZIP+CZ
ERCOT,,,"75852",,,,,ZIP
ERCOT,ONC,,"75853",NORTH,,,,DC+ZIP+CZ
ERCOT,ONC,,"75855",NORTH,,,,DC+ZIP+CZ
ERCOT,,,"75856",,,,,ZIP
ERCOT,,,"75858",,,,,ZIP
ERCOT,ONC,,"75859",NORTH,,,,DC+ZIP+CZ
ERCOT,ONC,,"75860",NORTH,,,,DC+ZIP+CZ
ERCOT,ONC,,"75861",NORTH,,,,DC+ZIP+CZ
ERCOT,,,"75862",,,,,ZIP
ERCOT,,,"75865",,,,,ZIP
ERCOT,,,"75880",,,,,ZIP
ERCOT,,,"75882",,,,,ZIP
ERCOT,ONC,,"75884",,,,,DC+ZIP
ERCOT,,,"75886",,,,,ZIP
ERCOT,ONC,,"75901",NORTH,,,,DC+ZIP+CZ
ERCOT,ONC,,"75902",NORTH,,,,DC+ZIP+CZ
ERCOT,ONC,,"75903",NORTH,,,,DC+ZIP+CZ
ERCOT,ONC,,"75904",NORTH,,,,DC+ZIP+CZ
ERCOT,ONC,,"75915",NORTH,,,,DC+ZIP+CZ
ERCOT,ONC,,"75925",NORTH,,,,DC+ZIP+CZ
ERCOT,,,"75926",,,,,ZIP
ERCOT,,,"75928",,,,,ZIP
ERCOT,,,"75930",,,,,ZIP
ERCOT,,,"75931",,,,,ZIP
ERCOT,,,"75932",,,,,ZIP
ERCOT,,,"75933",,,,,ZIP
ERCOT,,,"75934",,,,,ZIP
ERCOT,ONC,,"75935",,,,,DC+ZIP
ERCOT,,,"75936",,,,,ZIP
ERCOT,ONC,,"75937",NORTH,,,,DC+ZIP+CZ
ERCOT,,,"75938",,,,,ZIP
ERCOT,,,"75939",,,,,ZIP
ERCOT,ONC,,"75941",NORTH,,,,DC+ZIP+CZ
ERCOT,,,"75942",,,,,ZIP
ERCOT,ONC,,"75943",NORTH,,,,DC+ZIP+CZ
ERCOT,,,"75944",,,,,ZIP
ERCOT,,,"75946",,,,,ZIP
ERCOT,,,"75947",,,,,ZIP
ERCOT,,,"75948",,,,,ZIP
ERCOT,ONC,,"75949",NORTH,,,,DC+ZIP+CZ
ERCOT,,,"75951",,,,,ZIP
ERCOT,,,"75954",,,,,ZIP
ERCOT,,,"75956",,,,,ZIP
ERCOT,,,"75958",,,,,ZIP
ERCOT,,,"75959",,,,,ZIP
ERCOT,,,"75960",,,,,ZIP
ERCOT,ONC,,"75961",NORTH,,,,DC+ZIP+CZ
ERCOT,ONC,,"75962",NORTH,,,,DC+ZIP+CZ
ERCOT,ONC,,"75963",,,,,DC+ZIP
ERCOT,WTU,,"75963",NORTH,,,,DC+ZIP+CZ
ERCOT,ONC,,"75964",NORTH,,,,DC+ZIP+CZ
ERCOT,ONC,,"75965",NORTH,,,,DC+ZIP+CZ
ERCOT,,,"75966",,,,,ZIP
ERCOT,,,"75968",,,,,ZIP
ERCOT,ONC,,"75969",NORTH,,,,DC+ZIP+CZ
ERCOT,,,"75973",,,,,ZIP
ERCOT,,,"75974",,,,,ZIP
ERCOT,ONC,,"75975",NORTH,,,,DC+ZIP+CZ
ERCOT,ONC,,"75976",NORTH,,,,DC+ZIP+CZ
ERCOT,,,"75977",,,,,ZIP
ERCOT,,,"75978",,,,,ZIP
ERCOT,,,"75979",,,,,ZIP
ERCOT,ONC,,"75980",NORTH,,,,DC+ZIP+CZ
ERCOT,,,"75990",,,,,ZIP
ERCOT,ONC,,"76001",NORTH,,,,DC+ZIP+CZ
ERCOT,ONC,,"76002",NORTH,,,,DC+ZIP+CZ
ERCOT,ONC,,"76003",NORTH,,,,DC+ZIP+CZ
ERCOT,ONC,,"76004",NORTH,,,,DC+ZIP+CZ
ERCOT,ONC,,"76005",NORTH,,,,DC+ZIP+CZ
ERCOT,ONC,,"76006",NORTH,,,,DC+ZIP+CZ
ERCOT,,,"76007",,,,,ZIP
ERCOT,ONC,,"76008",NORTH,,,,DC+ZIP+CZ
ERCOT,ONC,,"76009",NORTH,,,,DC+ZIP+CZ
ERCOT,ONC,,"76010",NORTH,,,,DC+ZIP+CZ
ERCOT,ONC,,"76011",NORTH,,,,DC+ZIP+CZ
ERCOT,ONC,,"76012",NORTH,,,,DC+ZIP+CZ
ERCOT,ONC,,"76013",NORTH,,,,DC+ZIP+CZ
ERCOT,ONC,,"76014",NORTH,,,,DC+ZIP+CZ
ERCOT,ONC,,"76015",NORTH,,,,DC+ZIP+CZ
ERCOT,ONC,,"76016",NORTH,,,,DC+ZIP+CZ
ERCOT,ONC,,"76017",NORTH,,,,DC+ZIP+CZ
ERCOT,ONC,,"76018",NORTH,,,,DC+ZIP+CZ
ERCOT,,,"76019",,,,,ZIP
ERCOT,ONC,,"76020",NORTH,,,,DC+ZIP+CZ
ERCOT,ONC,,"76021",NORTH,,,,DC+ZIP+CZ
ERCOT,ONC,,"76022",NORTH,,,,DC+ZIP+CZ
ERCOT,ONC,,"76023",NORTH,,,,DC+ZIP+CZ
ERCOT,ONC,,"76028",NORTH,,,,DC+ZIP+CZ
ERCOT,ONC,,"76031",NORTH,,,,DC+ZIP+CZ
ERCOT,ONC,,"76033",NORTH,,,,DC+ZIP+CZ
ERCOT,ONC,,"76034",NORTH,,,,DC+ZIP+CZ
ERCOT,ONC,,"76035",NORTH,,,,DC+ZIP+CZ
ERCOT,ONC,,"76036",NORTH,,,,DC+ZIP+CZ
ERCOT,ONC,,"76039",NORTH,,,,DC+ZIP+CZ
ERCOT,ONC,,"76040",NORTH,,,,DC+ZIP+CZ
ERCOT,ONC,,"76041",NORTH,,,,DC+ZIP+CZ
ERCOT,TNP,,"76043",,,,,DC+ZIP
ERCOT,ONC,,"76044",NORTH,,,,DC+ZIP+CZ
ERCOT,ONC,,"76048",,,,,DC+ZIP
ERCOT,TNP,,"76048",,,,,DC+ZIP
ERCOT,ONC,,"76049",NORTH,,,,DC+ZIP+CZ
ERCOT,ONC,,"76050",NORTH,,,,DC+ZIP+CZ
ERCOT,TNP,,"76050",,,,,DC+ZIP
ERCOT,ONC,,"76051",NORTH,,,,DC+ZIP+CZ
ERCOT,ONC,,"76052",NORTH,,,,DC+ZIP+CZ
ERCOT,ONC,,"76053",NORTH,,,,DC+ZIP+CZ
ERCOT,ONC,,"76054",NORTH,,,,DC+ZIP+CZ
ERCOT,ONC,,"76055",NORTH,,,,DC+ZIP+CZ
ERCOT,TNP,,"76055",,,,,DC+ZIP
ERCOT,ONC,,"76058",NORTH,,,,DC+ZIP+CZ
ERCOT,ONC,,"76059",NORTH,,,,DC+ZIP+CZ
ERCOT,ONC,,"76060",NORTH,,,,DC+ZIP+CZ
ERCOT,,,"76061",,,,,ZIP
ERCOT,ONC,,"76063",NORTH,,,,DC+ZIP+CZ
ERCOT,ONC,,"76064",NORTH,,,,DC+ZIP+CZ
ERCOT,ONC,,"76065",NORTH,,,,DC+ZIP+CZ
ERCOT,ONC,,"76066",NORTH,,,,DC+ZIP+CZ
ERCOT,ONC,,"76067",NORTH,,,,DC+ZIP+CZ
ERCOT,ONC,,"76068",NORTH,,,,DC+ZIP+CZ
ERCOT,TNP,,"76070",,,,,DC+ZIP
ERCOT,ONC,,"76071",NORTH,,,,DC+ZIP+CZ
ERCOT,ONC,,"76073",NORTH,,,,DC+ZIP+CZ
ERCOT,TNP,,"76077",,,,,DC+ZIP
ERCOT,ONC,,"76078",NORTH,,,,DC+ZIP+CZ
ERCOT,ONC,,"76082",NORTH,,,,DC+ZIP+CZ
ERCOT,ONC,,"76084",NORTH,,,,DC+ZIP+CZ
ERCOT,ONC,,"76085",NORTH,,,,DC+ZIP+CZ
ERCOT,ONC,,"76086",NORTH,,,,DC+ZIP+CZ
ERCOT,ONC,,"76087",NORTH,,,,DC+ZIP+CZ
ERCOT,ONC,,"76088",NORTH,,,,DC+ZIP+CZ
ERCOT,ONC,,"76092",NORTH,,,,DC+ZIP+CZ
ERCOT,TNP,,"76093",,,,,DC+ZIP
ERCOT,,,"76094",,,,,ZIP
ERCOT,,,"76095",,,,,ZIP
ERCOT,,,"76096",,,,,ZIP
ERCOT,ONC,,"76097",NORTH,,,,DC+ZIP+CZ
ERCOT,ONC,,"76098",NORTH,,,,DC+ZIP+CZ
ERCOT,,,"76099",,,,,ZIP
ERCOT,ONC,,"76101",NORTH,,,,DC+ZIP+CZ
ERCOT,ONC,,"76102",NORTH,,,,DC+ZIP+CZ
ERCOT,ONC,,"76103",NORTH,,,,DC+ZIP+CZ
ERCOT,ONC,,"76104",NORTH,,,,DC+ZIP+CZ
ERCOT,ONC,,"76105",NORTH,,,,DC+ZIP+CZ
ERCOT,ONC,,"76106",NORTH,,,,DC+ZIP+CZ
ERCOT,WTU,,"76106",,,,,DC+ZIP
ERCOT,ONC,,"76107",NORTH,,,,DC+ZIP+CZ
ERCOT,ONC,,"76108",NORTH,,,,DC+ZIP+CZ
ERCOT,ONC,,"76109",NORTH,,,,DC+ZIP+CZ
ERCOT,ONC,,"76110",NORTH,,,,DC+ZIP+CZ
ERCOT,ONC,,"76111",NORTH,,,,DC+ZIP+CZ
ERCOT,ONC,,"76112",NORTH,,,,DC+ZIP+CZ
ERCOT,ONC,,"76113",NORTH,,,,DC+ZIP+CZ
ERCOT,ONC,,"76114",NORTH,,,,DC+ZIP+CZ
ERCOT,ONC,,"76115",NORTH,,,,DC+ZIP+CZ
ERCOT,ONC,,"76116",NORTH,,,,DC+ZIP+CZ
ERCOT,ONC,,"76117",NORTH,,,,DC+ZIP+CZ
ERCOT,ONC,,"76118",NORTH,,,,DC+ZIP+CZ
ERCOT,ONC,,"76119",NORTH,,,,DC+ZIP+CZ
ERCOT,ONC,,"76120",NORTH,,,,DC+ZIP+CZ
ERCOT,ONC,,"76121",NORTH,,,,DC+ZIP+CZ
ERCOT,ONC,,"76122",,,,,DC+ZIP
ERCOT,ONC,,"76123",NORTH,,,,DC+ZIP+CZ
ERCOT,ONC,,"76124",NORTH,,,,DC+ZIP+CZ
ERCOT,ONC,,"76126",NORTH,,,,DC+ZIP+CZ
ERCOT,ONC,,"76127",NORTH,,,,DC+ZIP+CZ
ERCOT,ONC,,"76129",NORTH,,,,DC+ZIP+CZ
ERCOT,,,"76130",,,,,ZIP
ERCOT,ONC,,"76131",NORTH,,,,DC+ZIP+CZ
ERCOT,ONC,,"76132",NORTH,,,,DC+ZIP+CZ
ERCOT,ONC,,"76133",NORTH,,,,DC+ZIP+CZ
ERCOT,ONC,,"76134",NORTH,,,,DC+ZIP+CZ
ERCOT,ONC,,"76135",NORTH,,,,DC+ZIP+CZ
ERCOT,ONC,,"76136",NORTH,,,,DC+ZIP+CZ
ERCOT,ONC,,"76137",NORTH,,,,DC+ZIP+CZ
ERCOT,ONC,,"76140",NORTH,,,,DC+ZIP+CZ
ERCOT,,,"76147",,,,,ZIP
ERCOT,ONC,,"76148",NORTH,,,,DC+ZIP+CZ
ERCOT,WTU,,"76148",,,,,DC+ZIP
ERCOT,,,"76150",,,,,ZIP
ERCOT,ONC,,"76155",NORTH,,,,DC+ZIP+CZ
ERCOT,ONC,,"76161",NORTH,,,,DC+ZIP+CZ
ERCOT,,,"76162",,,,,ZIP
ERCOT,,,"76163",,,,,ZIP
ERCOT,ONC,,"76164",NORTH,,,,DC+ZIP+CZ
ERCOT,ONC,,"76177",NORTH,,,,DC+ZIP+CZ
ERCOT,ONC,,"76178",,,,,DC+ZIP
ERCOT,ONC,,"76179",NORTH,,,,DC+ZIP+CZ
ERCOT,ONC,,"76180",NORTH,,,,DC+ZIP+CZ
ERCOT,,,"76181",,,,,ZIP
ERCOT,ONC,,"76182",NORTH,,,,DC+ZIP+CZ
ERCOT,,,"76185",,,,,ZIP
ERCOT,,,"76191",,,,,ZIP
ERCOT,,,"76192",,,,,ZIP
ERCOT,,,"76193",,,,,ZIP
ERCOT,ONC,,"76195",NORTH,,,,DC+ZIP+CZ
ERCOT,TNP,,"76195",,,,,DC+ZIP
ERCOT,WTU,,"76195",,,,,DC+ZIP
ERCOT,ONC,,"76196",,,,,DC+ZIP
ERCOT,ONC,,"76197",NORTH,,,,DC+ZIP+CZ
ERCOT,,,"76198",,,,,ZIP
ERCOT,ONC,,"76199",NORTH,,,,DC+ZIP+CZ
ERCOT,ONC,,"76201",NORTH,,,,DC+ZIP+CZ
ERCOT,ONC,,"76202",NORTH,,,,DC+ZIP+CZ
ERCOT,,,"76203",,,,,ZIP
ERCOT,,,"76204",,,,,ZIP
ERCOT,ONC,,"76205",,,,,DC+ZIP
ERCOT,ONC,,"76206",NORTH,,,,DC+ZIP+CZ
ERCOT,ONC,,"76207",NORTH,,,,DC+ZIP+CZ
ERCOT,ONC,,"76208",NORTH,,,,DC+ZIP+CZ
ERCOT,ONC,,"76209",,,,,DC+ZIP
ERCOT,ONC,,"76210",NORTH,,,,DC+ZIP+CZ
ERCOT,ONC,,"76225",NORTH,,,,DC+ZIP+CZ
ERCOT,ONC,,"76226",NORTH,,,,DC+ZIP+CZ
ERCOT,ONC,,"76227",,,,,DC+ZIP
ERCOT,TNP,,"76227",,,,,DC+ZIP
ERCOT,ONC,,"76228",WEST,,,,DC+ZIP+CZ
ERCOT,,,"76230",,,,,ZIP
ERCOT,ONC,,"76233",NORTH,,,,DC+ZIP+CZ
ERCOT,ONC,,"76234",NORTH,,,,DC+ZIP+CZ
ERCOT,,,"76238",,,,,ZIP
ERCOT,,,"76239",,,,,ZIP
ERCOT,ONC,,"76240",NORTH,,,,DC+ZIP+CZ
ERCOT,ONC,,"76241",NORTH,,,,DC+ZIP+CZ
ERCOT,ONC,,"76244",NORTH,,,,DC+ZIP+CZ
ERCOT,,,"76245",,,,,ZIP
ERCOT,ONC,,"76246",,,,,DC+ZIP
ERCOT,ONC,,"76247",NORTH,,,,DC+ZIP+CZ
ERCOT,ONC,,"76248",NORTH,,,,DC+ZIP+CZ
ERCOT,ONC,,"76249",NORTH,,,,DC+ZIP+CZ
ERCOT,ONC,,"76250",NORTH,,,,DC+ZIP+CZ
ERCOT,TNP,,"76251",,,,,DC+ZIP
ERCOT,ONC,,"76252",NORTH,,,,DC+ZIP+CZ
ERCOT,ONC,,"76253",NORTH,,,,DC+ZIP+CZ
ERCOT,TNP,,"76255",,,,,DC+ZIP
ERCOT,TNP,,"76258",,,,,DC+ZIP
ERCOT,ONC,,"76259",NORTH,,,,DC+ZIP+CZ
ERCOT,TNP,,"76261",,,,,DC+ZIP
ERCOT,ONC,,"76262",NORTH,,,,DC+ZIP+CZ
ERCOT,,,"76263",,,,,ZIP
ERCOT,ONC,,"76264",NORTH,,,,DC+ZIP+CZ
ERCOT,TNP,,"76265",,,,,DC+ZIP
ERCOT,,,"76266",,,,,ZIP
ERCOT,ONC,,"76267",NORTH,,,,DC+ZIP+CZ
ERCOT,ONC,,"76268",NORTH,,,,DC+ZIP+CZ
ERCOT,ONC,,"76270",NORTH,,,,DC+ZIP+CZ
ERCOT,TNP,,"76271",,,,,DC+ZIP
ERCOT,ONC,,"76272",NORTH,,,,DC+ZIP+CZ
ERCOT,ONC,,"76273",NORTH,,,,DC+ZIP+CZ
ERCOT,,,"76299",,,,,ZIP
ERCOT,ONC,,"76301",WEST,,,,DC+ZIP+CZ
ERCOT,TNP,,"76301",,,,,DC+ZIP
ERCOT,ONC,,"76302",WEST,,,,DC+ZIP+CZ
ERCOT,ONC,,"76305",WEST,,,,DC+ZIP+CZ
ERCOT,TNP,,"76305",,,,,DC+ZIP
ERCOT,ONC,,"76306",WEST,,,,DC+ZIP+CZ
ERCOT,ONC,,"76307",WEST,,,,DC+ZIP+CZ
ERCOT,ONC,,"76308",WEST,,,,DC+ZIP+CZ
ERCOT,ONC,,"76309",WEST,,,,DC+ZIP+CZ
ERCOT,ONC,,"76310",WEST,,,,DC+ZIP+CZ
ERCOT,ONC,,"76311",,,,,DC+ZIP
ERCOT,ONC,,"76351",WEST,,,,DC+ZIP+CZ
ERCOT,,,"76352",,,,,ZIP
ERCOT,ONC,,"76354",WEST,,,,DC+ZIP+CZ
ERCOT,TNP,,"76357",,,,,DC+ZIP
ERCOT,ONC,,"76360",,,,,DC+ZIP
ERCOT,CPL,,"76363",WEST,,,,DC+ZIP+CZ
ERCOT,WTU,,"76363",,,,,DC+ZIP
ERCOT,CPL,,"76364",WEST,,,,DC+ZIP+CZ
ERCOT,WTU,,"76364",,,,,DC+ZIP
ERCOT,ONC,,"76365",WEST,,,,DC+ZIP+CZ
ERCOT,TNP,,"76365",,,,,DC+ZIP
ERCOT,ONC,,"76366",WEST,,,,DC+ZIP+CZ
ERCOT,ONC,,"76367",WEST,,,,DC+ZIP+CZ
ERCOT,,,"76369",,,,,ZIP
ERCOT,TNP,,"76370",,,,,DC+ZIP
ERCOT,CPL,,"76371",WEST,,,,DC+ZIP+CZ
ERCOT,WTU,,"76371",,,,,DC+ZIP
ERCOT,TNP,,"76372",,,,,DC+ZIP
ERCOT,WTU,,"76373",WEST,,,,DC+ZIP+CZ
ERCOT,TNP,,"76374",,,,,DC+ZIP
ERCOT,TNP,,"76377",,,,,DC+ZIP
ERCOT,ONC,,"76379",,,,,DC+ZIP
ERCOT,ONC,,"76380",WEST,,,,DC+ZIP+CZ
ERCOT,WTU,,"76380",,,,,DC+ZIP
ERCOT,CPL,,"76384",WEST,,,,DC+ZIP+CZ
ERCOT,WTU,,"76384",,,,,DC+ZIP
ERCOT,,,"76385",,,,,ZIP
ERCOT,CPL,,"76388",WEST,,,,DC+ZIP+CZ
ERCOT,WTU,,"76388",,,,,DC+ZIP
ERCOT,,,"76389",,,,,ZIP
ERCOT,ONC,,"76401",NORTH,,,,DC+ZIP+CZ
ERCOT,TNP,,"76401",,,,,DC+ZIP
ERCOT,ONC,,"76402",WEST,,,,DC+ZIP+CZ
ERCOT,ONC,,"76424",WEST,,,,DC+ZIP+CZ
ERCOT,ONC,,"76426",NORTH,,,,DC+ZIP+CZ
ERCOT,ONC,,"76427",,,,,DC+ZIP
ERCOT,TNP,,"76427",,,,,DC+ZIP
ERCOT,WTU,,"76427",,,,,DC+ZIP
ERCOT,ONC,,"76429",WEST,,,,DC+ZIP+CZ
ERCOT,CPL,,"76430",WEST,,,,DC+ZIP+CZ
ERCOT,WTU,,"76430",,,,,DC+ZIP
ERCOT,ONC,,"76431",NORTH,,,,DC+ZIP+CZ
ERCOT,ONC,,"76432",NORTH,,,,DC+ZIP+CZ
PJM,DOM,,,,DOM,,,DC
MISO,AMIL,,,,IP3,DS2HL-IP,,DC+LP
MISO,AMIL,,,,IP3,LITE-IP,,DC+LP
MISO,AMIL,,,,UE1,CSTM-CIPSME,,DC+LP
MISO,AMIL,,,,UE1,DS2HH-CIPSME,,DC+LP
MISO,AMIL,,,,UE1,DS2HL-CIPSME,,DC+LP
MISO,AMIL,,,,UE1,DS2LH-CIPSME,,DC+LP
MISO,AMIL,,,,UE1,DS2LL-CIPSME,,DC+LP
MISO,AMIL,,,,UE1,DS3HH-CIPSME,,DC+LP
MISO,AMIL,,,,UE1,DS3HL-CIPSME,,DC+LP
MISO,AMIL,,,,UE1,DS3MH-CIPSME,,DC+LP
MISO,AMIL,,,,UE1,DS3ML-CIPSME,,DC+LP
MISO,AMIL,,,,UE1,DS3LH-CIPSME,,DC+LP
MISO,AMIL,,,,UE1,DS3LL-CIPSME,,DC+LP
MISO,AMIL,,,,UE1,RESDHH-CIPSME,,DC+LP
MISO,AMIL,,,,UE1,RESDHL-CIPSME,,DC+LP
MISO,AMIL,,,,UE1,RESDLH-CIPSME,,DC+LP
MISO,AMIL,,,,UE1,RESDLL-CIPSME,,DC+LP
MISO,AMIL,,,,UE1,LITE-CIPSME,,DC+LP
MISO,AMIL,,,,IP3,,DS1,DC+RC
MISO,AMIL,,,,IP3,,DS2,DC+RC
MISO,AMIL,,,,IP3,,DS2U,DC+RC
MISO,AMIL,,,,IP3,,DS3,DC+RC
MISO,AMIL,,,,IP3,,DS3A,DC+RC
MISO,AMIL,,,,IP3,,DS3B,DC+RC
MISO,AMIL,,,,IP3,,DS4,DC+RC
MISO,AMIL,,,,IP3,,DS5,DC+RC
MISO,AMIL,,,,IP3,,DS-5,DC+RC
MISO,AMIL,,,,IP3,,DS5 Mtr,DC+RC
MISO,AMIL,,,,IP3,,DS5 Res,DC+RC
MISO,AMIL,,,,IP3,,DS5Muni,DC+RC
MISO,AMIL,,,,IP3,,DS5U,DC+RC
MISO,AMIL,,,,IP3,,DS6A,DC+RC
MISO,AMIL,,,,IP3,,DS6B,DC+RC
ERCOT,CNP,,"77441",HOUSTON,,,,DC+ZIP+CZ
ERCOT,CPL,,"77442",SOUTH,,,,DC+ZIP+CZ
ERCOT,WTU,,"77442",,,,,DC+ZIP
ERCOT,,,"77443",,,,,ZIP
ERCOT,CNP,,"77444",HOUSTON,,,,DC+ZIP+CZ
ERCOT,CNP,,"77445",HOUSTON,,,,DC+ZIP+CZ
ERCOT,CNP,,"77446",HOUSTON,,,,DC+ZIP+CZ
ERCOT,CNP,,"77447",HOUSTON,,,,DC+ZIP+CZ
ERCOT,CNP,,"77448",HOUSTON,,,,DC+ZIP+CZ
ERCOT,CNP,,"77449",HOUSTON,,,,DC+ZIP+CZ
ERCOT,CNP,,"77450",HOUSTON,,,,DC+ZIP+CZ
ERCOT,CNP,,"77451",HOUSTON,,,,DC+ZIP+CZ
ERCOT,,,"77452",,,,,ZIP
ERCOT,CNP,,"77453",HOUSTON,,,,DC+ZIP+CZ
ERCOT,CNP,,"77454",HOUSTON,,,,DC+ZIP+CZ
ERCOT,CPL,,"77455",SOUTH,,,,DC+ZIP+CZ
ERCOT,WTU,,"77455",,,,,DC+ZIP
ERCOT,CNP,,"77456",,,,,DC+ZIP
ERCOT,CPL,,"77457",SOUTH,,,,DC+ZIP+CZ
ERCOT,WTU,,"77457",,,,,DC+ZIP
ERCOT,CPL,,"77458",HOUSTON,,,,DC+ZIP+CZ
ERCOT,CNP,,"77459",HOUSTON,,,,DC+ZIP+CZ
ERCOT,CNP,,"77460",,,,,DC+ZIP
ERCOT,CPL,,"77460",HOUSTON,,,,DC+ZIP+CZ
ERCOT,CNP,,"77461",HOUSTON,,,,DC+ZIP+CZ
ERCOT,CNP,,"77462",,,,,DC+ZIP
ERCOT,TNP,,"77463",,,,,DC+ZIP
ERCOT,CNP,,"77464",HOUSTON,,,,DC+ZIP+CZ
ERCOT,CPL,,"77465",SOUTH,,,,DC+ZIP+CZ
ERCOT,WTU,,"77465",,,,,DC+ZIP
ERCOT,CNP,,"77466",HOUSTON,,,,DC+ZIP+CZ
ERCOT,,,"77467",,,,,ZIP
ERCOT,CNP,,"77468",HOUSTON,,,,DC+ZIP+CZ
ERCOT,CNP,,"77469",HOUSTON,,,,DC+ZIP+CZ
ERCOT,,,"77470",,,,,ZIP
ERCOT,CNP,,"77471",HOUSTON,,,,DC+ZIP+CZ
ERCOT,CNP,,"77473",HOUSTON,,,,DC+ZIP+CZ
ERCOT,CNP,,"77474",HOUSTON,,,,DC+ZIP+CZ
ERCOT,ONC,,"77474",,,,,DC+ZIP
ERCOT,,,"77475",,,,,ZIP
ERCOT,CNP,,"77476",HOUSTON,,,,DC+ZIP+CZ
ERCOT,CNP,,"77477",HOUSTON,,,,DC+ZIP+CZ
ERCOT,CNP,,"77478",HOUSTON,,,,DC+ZIP+CZ
ERCOT,CNP,,"77479",HOUSTON,,,,DC+ZIP+CZ
ERCOT,CNP,,"77480",,,,,DC+ZIP
ERCOT,TNP,,"77480",,,,,DC+ZIP
ERCOT,CNP,,"77481",HOUSTON,,,,DC+ZIP+CZ
ERCOT,CNP,,"77482",,,,,DC+ZIP
ERCOT,CNP,,"77483",,,,,DC+ZIP
ERCOT,CPL,,"77483",HOUSTON,,,,DC+ZIP+CZ
ERCOT,CNP,,"77484",HOUSTON,,,,DC+ZIP+CZ
ERCOT,CNP,,"77485",HOUSTON,,,,DC+ZIP+CZ
ERCOT,CNP,,"77486",,,,,DC+ZIP
ERCOT,TNP,,"77486",,,,,DC+ZIP
ERCOT,CNP,,"77487",HOUSTON,,,,DC+ZIP+CZ
ERCOT,CNP,,"77488",SOUTH,,,,DC+ZIP+CZ
ERCOT,CNP,,"77489",HOUSTON,,,,DC+ZIP+CZ
ERCOT,,,"77491",,,,,ZIP
ERCOT,,,"77492",,,,,ZIP
ERCOT,CNP,,"77493",,,,,DC+ZIP
ERCOT,CNP,,"77494",HOUSTON,,,,DC+ZIP+CZ
ERCOT,CNP,,"77496",HOUSTON,,,,DC+ZIP+CZ
ERCOT,CNP,,"77497",HOUSTON,,,,DC+ZIP+CZ
ERCOT,CNP,,"77498",,,,,DC+ZIP
ERCOT,CNP,,"77501",HOUSTON,,,,DC+ZIP+CZ
ERCOT,CNP,,"77502",HOUSTON,,,,DC+ZIP+CZ
ERCOT,CNP,,"77503",HOUSTON,,,,DC+ZIP+CZ
ERCOT,CNP,,"77504",HOUSTON,,,,DC+ZIP+CZ
ERCOT,CNP,,"77505",HOUSTON,,,,DC+ZIP+CZ
ERCOT,CNP,,"77506",HOUSTON,,,,DC+ZIP+CZ
ERCOT,CNP,,"77507",HOUSTON,,,,DC+ZIP+CZ
ERCOT,,,"77508",,,,,ZIP
ERCOT,CNP,,"77510",HOUSTON,,,,DC+ZIP+CZ
ERCOT,CNP,,"77511",HOUSTON,,,,DC+ZIP+CZ
ERCOT,TNP,,"77511",,,,,DC+ZIP
ERCOT,CNP,,"77512",,,,,DC+ZIP
ERCOT,TNP,,"77512",,,,,DC+ZIP
ERCOT,,,"77514",,,,,ZIP
ERCOT,CNP,,"77515",HOUSTON,,,,DC+ZIP+CZ
ERCOT,TNP,,"77515",,,,,DC+ZIP
ERCOT,TNP,,"77516",,,,,DC+ZIP
ERCOT,CNP,,"77517",HOUSTON,,,,DC+ZIP+CZ
ERCOT,CNP,,"77518",HOUSTON,,,,DC+ZIP+CZ
ERCOT,,,"77519",,,,,ZIP
ERCOT,CNP,,"77520",HOUSTON,,,,DC+ZIP+CZ
ERCOT,ONC,,"77520",,,,,DC+ZIP
ERCOT,CNP,,"77521",HOUSTON,,,,DC+ZIP+CZ
ERCOT,CNP,,"77522",HOUSTON,,,,DC+ZIP+CZ
ERCOT,CNP,,"77523",,,,,DC+ZIP
ERCOT,CNP,,"77530",HOUSTON,,,,DC+ZIP+CZ
ERCOT,CNP,,"77531",HOUSTON,,,,DC+ZIP+CZ
ERCOT,CNP,,"77532",HOUSTON,,,,DC+ZIP+CZ
ERCOT,,,"77533",,,,,ZIP
ERCOT,CNP,,"77534",HOUSTON,,,,DC+ZIP+CZ
ERCOT,CNP,,"77535",HOUSTON,,,,DC+ZIP+CZ
ERCOT,CNP,,"77536",HOUSTON,,,,DC+ZIP+CZ
ERCOT,CPL,,"77538",,,,,DC+ZIP
ERCOT,CNP,,"77539",HOUSTON,,,,DC+ZIP+CZ
ERCOT,TNP,,"77539",,,,,DC+ZIP
ERCOT,CNP,,"77541",HOUSTON,,,,DC+ZIP+CZ
ERCOT,,,"77542",,,,,ZIP
ERCOT,CNP,,"77545",HOUSTON,,,,DC+ZIP+CZ
ERCOT,CNP,,"77546",HOUSTON,,,,DC+ZIP+CZ
ERCOT,TNP,,"77546",,,,,DC+ZIP
ERCOT,CNP,,"77547",HOUSTON,,,,DC+ZIP+CZ
ERCOT,CNP,,"77549",,,,,DC+ZIP
ERCOT,CNP,,"77550",HOUSTON,,,,DC+ZIP+CZ
ERCOT,CNP,,"77551",HOUSTON,,,,DC+ZIP+CZ
ERCOT,CNP,,"77552",HOUSTON,,,,DC+ZIP+CZ
ERCOT,TNP,,"77552",,,,,DC+ZIP
ERCOT,CNP,,"77553",HOUSTON,,,,DC+ZIP+CZ
ERCOT,CNP,,"77554",HOUSTON,,,,DC+ZIP+CZ
ERCOT,CNP,,"77555",HOUSTON,,,,DC+ZIP+CZ
ERCOT,,,"77560",,,,,ZIP
ERCOT,,,"77561",,,,,ZIP
ERCOT,CNP,,"77562",HOUSTON,,,,DC+ZIP+CZ
ERCOT,CNP,,"77563",HOUSTON,,,,DC+ZIP+CZ
ERCOT,,,"77564",,,,,ZIP
ERCOT,CNP,,"77565",HOUSTON,,,,DC+ZIP+CZ
ERCOT,TNP,,"77565",,,,,DC+ZIP
ERCOT,CNP,,"77566",HOUSTON,,,,DC+ZIP+CZ
ERCOT,TNP,,"77566",,,,,DC+ZIP
ERCOT,CNP,,"77568",,,,,DC+ZIP
ERCOT,TNP,,"77568",,,,,DC+ZIP
ERCOT,CNP,,"77571",HOUSTON,,,,DC+ZIP+CZ
ERCOT,,,"77572",,,,,ZIP
ERCOT,CNP,,"77573",,,,,DC+ZIP
ERCOT,TNP,,"77573",,,,,DC+ZIP
ERCOT,,,"77574",,,,,ZIP
ERCOT,CNP,,"77575",,,,,DC+ZIP
ERCOT,CNP,,"77577",HOUSTON,,,,DC+ZIP+CZ
ERCOT,CNP,,"77578",HOUSTON,,,,DC+ZIP+CZ
ERCOT,CNP,,"77580",HOUSTON,,,,DC+ZIP+CZ
ERCOT,CNP,,"77581",HOUSTON,,,,DC+ZIP+CZ
ERCOT,TNP,,"77581",,,,,DC+ZIP
ERCOT,,,"77582",,,,,ZIP
ERCOT,CNP,,"77583",HOUSTON,,,,DC+ZIP+CZ
ERCOT,CNP,,"77584",HOUSTON,,,,DC+ZIP+CZ
ERCOT,TNP,,"77584",,,,,DC+ZIP
ERCOT,,,"77585",,,,,ZIP
ERCOT,CNP,,"77586",HOUSTON,,,,DC+ZIP+CZ
ERCOT,ONC,,"77586",,,,,DC+ZIP
ERCOT,CNP,,"77587",HOUSTON,,,,DC+ZIP+CZ
ERCOT,TNP,,"77588",,,,,DC+ZIP
ERCOT,CNP,,"77590",,,,,DC+ZIP
ERCOT,TNP,,"77590",,,,,DC+ZIP
ERCOT,CNP,,"77591",,,,,DC+ZIP
ERCOT,TNP,,"77591",,,,,DC+ZIP
ERCOT,TNP,,"77592",,,,,DC+ZIP
ERCOT,CNP,,"77597",,,,,DC+ZIP
ERCOT,CNP,,"77598",HOUSTON,,,,DC+ZIP+CZ
ERCOT,TNP,,"77598",,,,,DC+ZIP
ERCOT,,,"77611",,,,,ZIP
ERCOT,,,"77612",,,,,ZIP
ERCOT,,,"77613",,,,,ZIP
ERCOT,,,"77614",,,,,ZIP
ERCOT,,,"77615",,,,,ZIP
ERCOT,,,"77616",,,,,ZIP
ERCOT,,,"77617",,,,,ZIP
ERCOT,,,"77619",,,,,ZIP
ERCOT,,,"77622",,,,,ZIP
ERCOT,,,"77623",,,,,ZIP
ERCOT,,,"77624",,,,,ZIP
ERCOT,,,"77625",,,,,ZIP
ERCOT,,,"77626",,,,,ZIP
ERCOT,,,"77627",,,,,ZIP
ERCOT,,,"77629",,,,,ZIP
ERCOT,,,"77630",,,,,ZIP
ERCOT,,,"77631",,,,,ZIP
ERCOT,,,"77632",,,,,ZIP
ERCOT,,,"77639",,,,,ZIP
ERCOT,,,"77640",,,,,ZIP
ERCOT,,,"77641",,,,,ZIP
ERCOT,,,"77642",,,,,ZIP
ERCOT,,,"77643",,,,,ZIP
ERCOT,,,"77650",,,,,ZIP
ERCOT,,,"77651",,,,,ZIP
ERCOT,,,"77655",,,,,ZIP
ERCOT,,,"77656",,,,,ZIP
ERCOT,,,"77657",,,,,ZIP
ERCOT,,,"77659",,,,,ZIP
ERCOT,,,"77660",,,,,ZIP
ERCOT,,,"77661",,,,,ZIP
ERCOT,,,"77662",,,,,ZIP
ERCOT,,,"77663",,,,,ZIP
ERCOT,,,"77664",,,,,ZIP
ERCOT,,,"77665",,,,,ZIP
ERCOT,,,"77670",,,,,ZIP
ERCOT,,,"77701",,,,,ZIP
ERCOT,,,"77702",,,,,ZIP
ERCOT,WTU,,"77703",,,,,DC+ZIP
ERCOT,CNP,,"77704",HOUSTON,,,,DC+ZIP+CZ
ERCOT,,,"77705",,,,,ZIP
ERCOT,,,"77706",,,,,ZIP
ERCOT,,,"77707",,,,,ZIP
ERCOT,,,"77708",,,,,ZIP
ERCOT,,,"77709",,,,,ZIP
ERCOT,,,"77710",,,,,ZIP
ERCOT,,,"77713",,,,,ZIP
ERCOT,,,"77720",,,,,ZIP
ERCOT,,,"77725",,,,,ZIP
ERCOT,,,"77726",,,,,ZIP
ERCOT,,,"77801",,,,,ZIP
ERCOT,,,"77802",,,,,ZIP
ERCOT,,,"77803",,,,,ZIP
ERCOT,,,"77805",,,,,ZIP
ERCOT,,,"77806",,,,,ZIP
ERCOT,,,"77807",,,,,ZIP
ERCOT,,,"77808",,,,,ZIP
ERCOT,,,"77830",,,,,ZIP
ERCOT,,,"77831",,,,,ZIP
ERCOT,,,"77833",,,,,ZIP
ERCOT,,,"77834",,,,,ZIP
ERCOT,,,"77835",,,,,ZIP
ERCOT,,,"77836",,,,,ZIP
ERCOT,,,"77837",,,,,ZIP
ERCOT,,,"77838",,,,,ZIP
ERCOT,,,"77839",,,,,ZIP
ERCOT,,,"77840",,,,,ZIP
ERCOT,,,"77841",,,,,ZIP
ERCOT,,,"77842",,,,,ZIP
ERCOT,,,"77843",,,,,ZIP
ERCOT,,,"77844",,,,,ZIP
ERCOT,ONC,,"77845",,,,,DC+ZIP
ERCOT,,,"77850",,,,,ZIP
ERCOT,,,"77852",,,,,ZIP
ERCOT,,,"77853",,,,,ZIP
ERCOT,,,"77855",,,,,ZIP
ERCOT,,,"77856",,,,,ZIP
ERCOT,,,"77857",,,,,ZIP
ERCOT,,,"77859",,,,,ZIP
ERCOT,,,"77861",,,,,ZIP
ERCOT,,,"77862",,,,,ZIP
ERCOT,,,"77863",,,,,ZIP
ERCOT,,,"77864",,,,,ZIP
ERCOT,ONC,,"77865",NORTH,,,,DC+ZIP+CZ
ERCOT,ONC,,"77866",NORTH,,,,DC+ZIP+CZ
ERCOT,TNP,,"77866",,,,,DC+ZIP
ERCOT,WTU,,"77866",,,,,DC+ZIP
ERCOT,,,"77867",,,,,ZIP
ERCOT,,,"77868",,,,,ZIP
ERCOT,,,"77869",,,,,ZIP
ERCOT,,,"77870",,,,,ZIP
ERCOT,ONC,,"77871",,,,,DC+ZIP
ERCOT,,,"77872",,,,,ZIP
ERCOT,,,"77873",,,,,ZIP
ERCOT,,,"77875",,,,,ZIP
ERCOT,CNP,,"77876",HOUSTON,,,,DC+ZIP+CZ
ERCOT,,,"77878",,,,,ZIP
ERCOT,,,"77879",,,,,ZIP
ERCOT,,,"77880",,,,,ZIP
ERCOT,,,"77881",,,,,ZIP
ERCOT,,,"77882",,,,,ZIP
ERCOT,CPL,,"77901",SOUTH,,,,DC+ZIP+CZ
ERCOT,WTU,,"77901",,,,,DC+ZIP
ERCOT,,,"77902",,,,,ZIP
ERCOT,WTU,,"77903",SOUTH,,,,DC+ZIP+CZ
ERCOT,CPL,,"77904",SOUTH,,,,DC+ZIP+CZ
ERCOT,WTU,,"77904",,,,,DC+ZIP
ERCOT,CPL,,"77905",SOUTH,,,,DC+ZIP+CZ
ERCOT,WTU,,"77905",,,,,DC+ZIP
ERCOT,CPL,,"77950",SOUTH,,,,DC+ZIP+CZ
ERCOT,WTU,,"77950",,,,,DC+ZIP
ERCOT,CPL,,"77951",SOUTH,,,,DC+ZIP+CZ
ERCOT,WTU,,"77951",,,,,DC+ZIP
ERCOT,,,"77954",,,,,ZIP
ERCOT,CPL,,"77957",SOUTH,,,,DC+ZIP+CZ
ERCOT,WTU,,"77957",,,,,DC+ZIP
ERCOT,,,"77960",,,,,ZIP
ERCOT,,,"77961",,,,,ZIP
ERCOT,CPL,,"77962",SOUTH,,,,DC+ZIP+CZ
ERCOT,WTU,,"77962",,,,,DC+ZIP
ERCOT,CPL,,"77963",SOUTH,,,,DC+ZIP+CZ
ERCOT,WTU,,"77963",,,,,DC+ZIP
ERCOT,,,"77964",,,,,ZIP
ERCOT,,,"77967",,,,,ZIP
ERCOT,CPL,,"77968",SOUTH,,,,DC+ZIP+CZ
ERCOT,WTU,,"77968",,,,,DC+ZIP
ERCOT,,,"77969",,,,,ZIP
ERCOT,,,"77970",,,,,ZIP
ERCOT,CPL,,"77971",SOUTH,,,,DC+ZIP+CZ
ERCOT,WTU,,"77971",,,,,DC+ZIP
ERCOT,,,"77973",,,,,ZIP
ERCOT,,,"77974",,,,,ZIP
ERCOT,,,"77975",,,,,ZIP
ERCOT,,,"77976",,,,,ZIP
ERCOT,CPL,,"77977",SOUTH,,,,DC+ZIP+CZ
ERCOT,WTU,,"77977",,,,,DC+ZIP
ERCOT,CPL,,"77978",SOUTH,,,,DC+ZIP+CZ
ERCOT,WTU,,"77978",,,,,DC+ZIP
ERCOT,ONC,,"77979",,,,,DC+ZIP
ERCOT,,,"77982",,,,,ZIP
ERCOT,CPL,,"77983",SOUTH,,,,DC+ZIP+CZ
ERCOT,WTU,,"77983",,,,,DC+ZIP
ERCOT,,,"77984",,,,,ZIP
ERCOT,,,"77986",,,,,ZIP
ERCOT,,,"77987",,,,,ZIP
ERCOT,,,"77988",,,,,ZIP
ERCOT,,,"77989",,,,,ZIP
ERCOT,CPL,,"77990",SOUTH,,,,DC+ZIP+CZ
ERCOT,WTU,,"77990",,,,,DC+ZIP
ERCOT,,,"77991",,,,,ZIP
ERCOT,CPL,,"77993",SOUTH,,,,DC+ZIP+CZ
ERCOT,WTU,,"77993",,,,,DC+ZIP
ERCOT,CPL,,"77994",SOUTH,,,,DC+ZIP+CZ
ERCOT,WTU,,"77994",,,,,DC+ZIP
ERCOT,CPL,,"77995",,,,,DC+ZIP
ERCOT,CPL,,"78001",SOUTH,,,,DC+ZIP+CZ
ERCOT,,,"78002",,,,,ZIP
ERCOT,,,"78003",,,,,ZIP
ERCOT,,,"78004",,,,,ZIP
ERCOT,CPL,,"78005",SOUTH,,,,DC+ZIP+CZ
ERCOT,WTU,,"78005",,,,,DC+ZIP
ERCOT,,,"78006",,,,,ZIP
ERCOT,,,"78007",,,,,ZIP
ERCOT,,,"78008",,,,,ZIP
ERCOT,,,"78009",,,,,ZIP
ERCOT,,,"78010",,,,,ZIP
ERCOT,CPL,,"78011",SOUTH,,,,DC+ZIP+CZ
ERCOT,WTU,,"78011",,,,,DC+ZIP
ERCOT,CPL,,"78012",SOUTH,,,,DC+ZIP+CZ
ERCOT,WTU,,"78012",,,,,DC+ZIP
ERCOT,,,"78013",,,,,ZIP
ERCOT,CPL,,"78014",SOUTH,,,,DC+ZIP+CZ
ERCOT,WTU,,"78014",,,,,DC+ZIP
ERCOT,,,"78015",,,,,ZIP
ERCOT,CPL,,"78016",SOUTH,,,,DC+ZIP+CZ
ERCOT,WTU,,"78016",,,,,DC+ZIP
ERCOT,CPL,,"78017",SOUTH,,,,DC+ZIP+CZ
ERCOT,WTU,,"78017",,,,,DC+ZIP
ERCOT,CPL,,"78019",SOUTH,,,,DC+ZIP+CZ
ERCOT,WTU,,"78019",,,,,DC+ZIP
ERCOT,,,"78021",,,,,ZIP
ERCOT,CPL,,"78022",SOUTH,,,,DC+ZIP+CZ
ERCOT,WTU,,"78022",,,,,DC+ZIP
ERCOT,,,"78023",,,,,ZIP
ERCOT,,,"78024",,,,,ZIP
ERCOT,,,"78025",,,,,ZIP
ERCOT,CPL,,"78026",SOUTH,,,,DC+ZIP+CZ
ERCOT,WTU,,"78026",,,,,DC+ZIP
ERCOT,,,"78027",,,,,ZIP
ERCOT,,,"78028",,,,,ZIP
ERCOT,,,"78029",,,,,ZIP
ERCOT,,,"78039",,,,,ZIP
ERCOT,CPL,,"78040",SOUTH,,,,DC+ZIP+CZ
ERCOT,WTU,,"78040",,,,,DC+ZIP
ERCOT,CPL,,"78041",SOUTH,,,,DC+ZIP+CZ
ERCOT,WTU,,"78041",,,,,DC+ZIP
ERCOT,CPL,,"78042",SOUTH,,,,DC+ZIP+CZ
ERCOT,WTU,,"78042",,,,,DC+ZIP
ERCOT,CPL,,"78043",SOUTH,,,,DC+ZIP+CZ
ERCOT,WTU,,"78043",,,,,DC+ZIP
ERCOT,,,"78044",,,,,ZIP
ERCOT,CPL,,"78045",SOUTH,,,,DC+ZIP+CZ
ERCOT,WTU,,"78045",,,,,DC+ZIP
ERCOT,CPL,,"78046",SOUTH,,,,DC+ZIP+CZ
ERCOT,WTU,,"78046",,,,,DC+ZIP
ERCOT,,,"78049",,,,,ZIP
ERCOT,CPL,,"78050",SOUTH,,,,DC+ZIP+CZ
ERCOT,WTU,,"78050",,,,,DC+ZIP
ERCOT,CPL,,"78052",SOUTH,,,,DC+ZIP+CZ
ERCOT,WTU,,"78052",,,,,DC+ZIP
ERCOT,,,"78054",,,,,ZIP
ERCOT,,,"78055",,,,,ZIP
ERCOT,,,"78056",,,,,ZIP
ERCOT,CPL,,"78057",SOUTH,,,,DC+ZIP+CZ
ERCOT,WTU,,"78057",,,,,DC+ZIP
ERCOT,,,"78058",,,,,ZIP
ERCOT,CPL,,"78059",SOUTH,,,,DC+ZIP+CZ
ERCOT,WTU,,"78059",,,,,DC+ZIP
ERCOT,CPL,,"78060",SOUTH,,,,DC+ZIP+CZ
ERCOT,WTU,,"78060",,,,,DC+ZIP
ERCOT,CPL,,"78061",SOUTH,,,,DC+ZIP+CZ
ERCOT,WTU,,"78061",,,,,DC+ZIP
ERCOT,,,"78062",,,,,ZIP
ERCOT,,,"78063",,,,,ZIP
ERCOT,CPL,,"78064",SOUTH,,,,DC+ZIP+CZ
ERCOT,WTU,,"78064",,,,,DC+ZIP
ERCOT,CPL,,"78065",SOUTH,,,,DC+ZIP+CZ
ERCOT,WTU,,"78065",,,,,DC+ZIP
ERCOT,,,"78066",,,,,ZIP
ERCOT,CPL,,"78067",SOUTH,,,,DC+ZIP+CZ
ERCOT,WTU,,"78067",,,,,DC+ZIP
ERCOT,,,"78069",,,,,ZIP
ERCOT,CPL,,"78070",,,,,DC+ZIP
ERCOT,CPL,,"78071",SOUTH,,,,DC+ZIP+CZ
ERCOT,WTU,,"78071",,,,,DC+ZIP
ERCOT,,,"78072",,,,,ZIP
ERCOT,,,"78073",,,,,ZIP
ERCOT,,,"78074",,,,,ZIP
ERCOT,,,"78075",,,,,ZIP
ERCOT,CPL,,"78076",SOUTH,,,,DC+ZIP+CZ
ERCOT,WTU,,"78076",,,,,DC+ZIP
ERCOT,,,"78101",,,,,ZIP
ERCOT,CPL,,"78102",SOUTH,,,,DC+ZIP+CZ
ERCOT,WTU,,"78102",,,,,DC+ZIP
ERCOT,CPL,,"78104",,,,,DC+ZIP
ERCOT,CPL,,"78107",SOUTH,,,,DC+ZIP+CZ
ERCOT,WTU,,"78107",,,,,DC+ZIP
ERCOT,,,"78108",,,,,ZIP
ERCOT,,,"78109",,,,,ZIP
ERCOT,,,"78111",,,,,ZIP
ERCOT,,,"78112",,,,,ZIP
ERCOT,,,"78113",,,,,ZIP
ERCOT,,,"78114",,,,,ZIP
ERCOT,,,"78115",,,,,ZIP
ERCOT,CPL,,"78116",SOUTH,,,,DC+ZIP+CZ
ERCOT,WTU,,"78116",,,,,DC+ZIP
ERCOT,,,"78117",,,,,ZIP
ERCOT,CPL,,"78118",SOUTH,,,,DC+ZIP+CZ
ERCOT,WTU,,"78118",,,,,DC+ZIP
ERCOT,CPL,,"78119",SOUTH,,,,DC+ZIP+CZ
ERCOT,WTU,,"78119",,,,,DC+ZIP
ERCOT,,,"78121",,,,,ZIP
ERCOT,CPL,,"78122",SOUTH,,,,DC+ZIP+CZ
ERCOT,WTU,,"78122",,,,,DC+ZIP
ERCOT,,,"78123",,,,,ZIP
ERCOT,,,"78124",,,,,ZIP
ERCOT,,,"78125",,,,,ZIP
ERCOT,,,"78130",,,,,ZIP
ERCOT,,,"78131",,,,,ZIP
ERCOT,,,"78132",,,,,ZIP
ERCOT,,,"78133",,,,,ZIP
ERCOT,,,"78135",,,,,ZIP
ERCOT,CPL,,"78140",SOUTH,,,,DC+ZIP+CZ
ERCOT,WTU,,"78140",,,,,DC+ZIP
ERCOT,CPL,,"78141",SOUTH,,,,DC+ZIP+CZ
ERCOT,WTU,,"78141",,,,,DC+ZIP
ERCOT,CPL,,"78142",SOUTH,,,,DC+ZIP+CZ
ERCOT,WTU,,"78142",,,,,DC+ZIP
ERCOT,,,"78143",,,,,ZIP
ERCOT,,,"78144",,,,,ZIP
ERCOT,CPL,,"78145",SOUTH,,,,DC+ZIP+CZ
ERCOT,WTU,,"78145",,,,,DC+ZIP
ERCOT,CPL,,"78146",SOUTH,,,,DC+ZIP+CZ
ERCOT,WTU,,"78146",,,,,DC+ZIP
ERCOT,,,"78147",,,,,ZIP
ERCOT,,,"78148",,,,,ZIP
ERCOT,,,"78150",,,,,ZIP
ERCOT,CPL,,"78151",SOUTH,,,,DC+ZIP+CZ
ERCOT,WTU,,"78151",,,,,DC+ZIP
ERCOT,,,"78152",,,,,ZIP
ERCOT,,,"78154",,,,,ZIP
ERCOT,,,"78155",,,,,ZIP
ERCOT,,,"78156",,,,,ZIP
ERCOT,CPL,,"78159",SOUTH,,,,DC+ZIP+CZ
ERCOT,WTU,,"78159",,,,,DC+ZIP
ERCOT,,,"78160",,,,,ZIP
ERCOT,,,"78161",,,,,ZIP
ERCOT,CPL,,"78162",SOUTH,,,,DC+ZIP+CZ
ERCOT,WTU,,"78162",,,,,DC+ZIP
ERCOT,ONC,,"78163",,,,,DC+ZIP
ERCOT,CPL,,"78164",SOUTH,,,,DC+ZIP+CZ
ERCOT,WTU,,"78164",,,,,DC+ZIP
ERCOT,,,"78201",,,,,ZIP
ERCOT,CPL,,"78202",SOUTH,,,,DC+ZIP+CZ
ERCOT,,,"78203",,,,,ZIP
ERCOT,,,"78204",,,,,ZIP
ERCOT,,,"78205",,,,,ZIP
ERCOT,,,"78206",,,,,ZIP
ERCOT,,,"78207",,,,,ZIP
ERCOT,,,"78208",,,,,ZIP
ERCOT,,,"78209",,,,,ZIP
ERCOT,,,"78210",,,,,ZIP
ERCOT,,,"78211",,,,,ZIP
ERCOT,,,"78212",,,,,ZIP
ERCOT,,,"78213",,,,,ZIP
ERCOT,,,"78214",,,,,ZIP
ERCOT,,,"78215",,,,,ZIP
ERCOT,,,"78216",,,,,ZIP
ERCOT,,,"78217",,,,,ZIP
ERCOT,,,"78218",,,,,ZIP
ERCOT,,,"78219",,,,,ZIP
ERCOT,,,"78220",,,,,ZIP
ERCOT,,,"78221",,,,,ZIP
ERCOT,,,"78222",,,,,ZIP
ERCOT,,,"78223",,,,,ZIP
ERCOT,,,"78224",,,,,ZIP
ERCOT,,,"78225",,,,,ZIP
ERCOT,,,"78226",,,,,ZIP
ERCOT,WTU,,"78227",SOUTH,,,,DC+ZIP+CZ
ERCOT,,,"78228",,,,,ZIP
ERCOT,,,"78229",,,,,ZIP
ERCOT,,,"78230",,,,,ZIP
ERCOT,,,"78231",,,,,ZIP
ERCOT,,,"78232",,,,,ZIP
ERCOT,,,"78233",,,,,ZIP
ERCOT,,,"78234",,,,,ZIP
ERCOT,,,"78235",,,,,ZIP
ERCOT,,,"78236",,,,,ZIP
ERCOT,,,"78237",,,,,ZIP
ERCOT,,,"78238",,,,,ZIP
ERCOT,,,"78239",,,,,ZIP
ERCOT,,,"78240",,,,,ZIP
ERCOT,,,"78241",,,,,ZIP
ERCOT,,,"78242",,,,,ZIP
ERCOT,,,"78243",,,,,ZIP
ERCOT,,,"78244",,,,,ZIP
ERCOT,,,"78245",,,,,ZIP
ERCOT,,,"78246",,,,,ZIP
ERCOT,,,"78247",,,,,ZIP
ERCOT,,,"78248",,,,,ZIP
ERCOT,WTU,,"78249",SOUTH,,,,DC+ZIP+CZ
ERCOT,,,"78250",,,,,ZIP
ERCOT,,,"78251",,,,,ZIP
ERCOT,,,"78252",,,,,ZIP
ERCOT,,,"78253",,,,,ZIP
ERCOT,,,"78254",,,,,ZIP
ERCOT,,,"78255",,,,,ZIP
ERCOT,,,"78256",,,,,ZIP
ERCOT,,,"78257",,,,,ZIP
ERCOT,,,"78258",,,,,ZIP
ERCOT,,,"78259",,,,,ZIP
ERCOT,,,"78260",,,,,ZIP
ERCOT,,,"78261",,,,,ZIP
ERCOT,,,"78262",,,,,ZIP
ERCOT,,,"78263",,,,,ZIP
ERCOT,,,"78264",,,,,ZIP
ERCOT,,,"78265",,,,,ZIP
ERCOT,,,"78266",,,,,ZIP
ERCOT,,,"78268",,,,,ZIP
ERCOT,,,"78269",,,,,ZIP
ERCOT,,,"78270",,,,,ZIP
ERCOT,,,"78275",,,,,ZIP
ERCOT,,,"78278",,,,,ZIP
ERCOT,,,"78279",,,,,ZIP
ERCOT,,,"78280",,,,,ZIP
ERCOT,,,"78283",,,,,ZIP
ERCOT,,,"78284",,,,,ZIP
ERCOT,,,"78285",,,,,ZIP
ERCOT,,,"78286",,,,,ZIP
ERCOT,,,"78287",,,,,ZIP
ERCOT,,,"78288",,,,,ZIP
ERCOT,,,"78289",,,,,ZIP
ERCOT,,,"78291",,,,,ZIP
ERCOT,,,"78292",,,,,ZIP
ERCOT,,,"78293",,,,,ZIP
ERCOT,,,"78294",,,,,ZIP
ERCOT,,,"78295",,,,,ZIP
ERCOT,,,"78296",,,,,ZIP
ERCOT,,,"78297",,,,,ZIP
ERCOT,,,"78298",,,,,ZIP
ERCOT,,,"78299",,,,,ZIP
ERCOT,CPL,,"78330",SOUTH,,,,DC+ZIP+CZ
ERCOT,WTU,,"78330",,,,,DC+ZIP
ERCOT,CPL,,"78332",SOUTH,,,,DC+ZIP+CZ
ERCOT,WTU,,"78332",,,,,DC+ZIP
ERCOT,CPL,,"78333",SOUTH,,,,DC+ZIP+CZ
ERCOT,CPL,,"78335",SOUTH,,,,DC+ZIP+CZ
ERCOT,CPL,,"78336",SOUTH,,,,DC+ZIP+CZ
ERCOT,WTU,,"78336",,,,,DC+ZIP
ERCOT,,,"78338",,,,,ZIP
ERCOT,CPL,,"78339",SOUTH,,,,DC+ZIP+CZ
ERCOT,WTU,,"78339",,,,,DC+ZIP
ERCOT,CPL,,"78340",SOUTH,,,,DC+ZIP+CZ
ERCOT,WTU,,"78340",,,,,DC+ZIP
ERCOT,CPL,,"78341",SOUTH,,,,DC+ZIP+CZ
ERCOT,WTU,,"78341",,,,,DC+ZIP
ERCOT,CPL,,"78342",SOUTH,,,,DC+ZIP+CZ
ERCOT,CPL,,"78343",SOUTH,,,,DC+ZIP+CZ
ERCOT,WTU,,"78343",,,,,DC+ZIP
ERCOT,CPL,,"78344",SOUTH,,,,DC+ZIP+CZ
ERCOT,WTU,,"78344",,,,,DC+ZIP
ERCOT,CPL,,"78347",SOUTH,,,,DC+ZIP+CZ
ERCOT,CPL,,"78349",SOUTH,,,,DC+ZIP+CZ
ERCOT,WTU,,"78349",,,,,DC+ZIP
ERCOT,,,"78350",,,,,ZIP
ERCOT,CPL,,"78351",SOUTH,,,,DC+ZIP+CZ
ERCOT,WTU,,"78351",,,,,DC+ZIP
ERCOT,CPL,,"78352",SOUTH,,,,DC+ZIP+CZ
ERCOT,WTU,,"78352",,,,,DC+ZIP
ERCOT,CPL,,"78353",SOUTH,,,,DC+ZIP+CZ
ERCOT,WTU,,"78353",,,,,DC+ZIP
ERCOT,CPL,,"78355",SOUTH,,,,DC+ZIP+CZ
ERCOT,WTU,,"78355",,,,,DC+ZIP
ERCOT,CPL,,"78357",SOUTH,,,,DC+ZIP+CZ
ERCOT,WTU,,"78357",,,,,DC+ZIP
ERCOT,CPL,,"78358",SOUTH,,,,DC+ZIP+CZ
ERCOT,WTU,,"78358",,,,,DC+ZIP
ERCOT,CPL,,"78359",SOUTH,,,,DC+ZIP+CZ
ERCOT,WTU,,"78359",,,,,DC+ZIP
ERCOT,,,"78360",,,,,ZIP
ERCOT,CPL,,"78361",SOUTH,,,,DC+ZIP+CZ
ERCOT,WTU,,"78361",,,,,DC+ZIP
ERCOT,CPL,,"78362",SOUTH,,,,DC+ZIP+CZ
ERCOT,WTU,,"78362",,,,,DC+ZIP
ERCOT,CPL,,"78363",SOUTH,,,,DC+ZIP+CZ
ERCOT,WTU,,"78363",,,,,DC+ZIP
ERCOT,CPL,,"78364",SOUTH,,,,DC+ZIP+CZ
ERCOT,CPL,,"78368",SOUTH,,,,DC+ZIP+CZ
ERCOT,WTU,,"78368",,,,,DC+ZIP
ERCOT,CPL,,"78369",SOUTH,,,,DC+ZIP+CZ
ERCOT,WTU,,"78369",,,,,DC+ZIP
ERCOT,CPL,,"78370",SOUTH,,,,DC+ZIP+CZ
ERCOT,WTU,,"78370",,,,,DC+ZIP
ERCOT,CPL,,"78371",SOUTH,,,,DC+ZIP+CZ
ERCOT,WTU,,"78371",,,,,DC+ZIP
ERCOT,CPL,,"78372",SOUTH,,,,DC+ZIP+CZ
ERCOT,WTU,,"78372",,,,,DC+ZIP
ERCOT,CPL,,"78373",SOUTH,,,,DC+ZIP+CZ
ERCOT,WTU,,"78373",,,,,DC+ZIP
ERCOT,CPL,,"78374",SOUTH,,,,DC+ZIP+CZ
ERCOT,WTU,,"78374",,,,,DC+ZIP
ERCOT,CPL,,"78375",SOUTH,,,,DC+ZIP+CZ
ERCOT,WTU,,"78375",,,,,DC+ZIP
ERCOT,CPL,,"78376",SOUTH,,,,DC+ZIP+CZ
ERCOT,WTU,,"78376",,,,,DC+ZIP
ERCOT,CPL,,"78377",SOUTH,,,,DC+ZIP+CZ
ERCOT,WTU,,"78377",,,,,DC+ZIP
ERCOT,CPL,,"78379",SOUTH,,,,DC+ZIP+CZ
ERCOT,WTU,,"78379",,,,,DC+ZIP
ERCOT,CPL,,"78380",SOUTH,,,,DC+ZIP+CZ
ERCOT,WTU,,"78380",,,,,DC+ZIP
ERCOT,,,"78381",,,,,ZIP
ERCOT,CPL,,"78382",SOUTH,,,,DC+ZIP+CZ
ERCOT,WTU,,"78382",,,,,DC+ZIP
ERCOT,CPL,,"78383",SOUTH,,,,DC+ZIP+CZ
ERCOT,WTU,,"78383",,,,,DC+ZIP
ERCOT,CPL,,"78384",SOUTH,,,,DC+ZIP+CZ
ERCOT,WTU,,"78384",,,,,DC+ZIP
ERCOT,,,"78385",,,,,ZIP
ERCOT,CPL,,"78387",SOUTH,,,,DC+ZIP+CZ
ERCOT,WTU,,"78387",,,,,DC+ZIP
ERCOT,CPL,,"78389",SOUTH,,,,DC+ZIP+CZ
ERCOT,WTU,,"78389",,,,,DC+ZIP
ERCOT,CPL,,"78390",SOUTH,,,,DC+ZIP+CZ
ERCOT,WTU,,"78390",,,,,DC+ZIP
ERCOT,CPL,,"78391",SOUTH,,,,DC+ZIP+CZ
ERCOT,WTU,,"78391",,,,,DC+ZIP
ERCOT,CPL,,"78393",SOUTH,,,,DC+ZIP+CZ
ERCOT,WTU,,"78393",,,,,DC+ZIP
ERCOT,CPL,,"78401",SOUTH,,,,DC+ZIP+CZ
ERCOT,WTU,,"78401",,,,,DC+ZIP
ERCOT,CPL,,"78402",SOUTH,,,,DC+ZIP+CZ
ERCOT,WTU,,"78402",,,,,DC+ZIP
ERCOT,,,"78403",,,,,ZIP
ERCOT,CPL,,"78404",SOUTH,,,,DC+ZIP+CZ
ERCOT,WTU,,"78404",,,,,DC+ZIP
ERCOT,CPL,,"78405",SOUTH,,,,DC+ZIP+CZ
ERCOT,WTU,,"78405",,,,,DC+ZIP
ERCOT,CPL,,"78406",SOUTH,,,,DC+ZIP+CZ
ERCOT,WTU,,"78406",,,,,DC+ZIP
ERCOT,CPL,,"78407",SOUTH,,,,DC+ZIP+CZ
ERCOT,WTU,,"78407",,,,,DC+ZIP
ERCOT,CPL,,"78408",SOUTH,,,,DC+ZIP+CZ
ERCOT,WTU,,"78408",,,,,DC+ZIP
ERCOT,CPL,,"78409",SOUTH,,,,DC+ZIP+CZ
ERCOT,WTU,,"78409",,,,,DC+ZIP
ERCOT,CPL,,"78410",SOUTH,,,,DC+ZIP+CZ
ERCOT,WTU,,"78410",,,,,DC+ZIP
ERCOT,CPL,,"78411",SOUTH,,,,DC+ZIP+CZ
ERCOT,WTU,,"78411",,,,,DC+ZIP
ERCOT,CPL,,"78412",SOUTH,,,,DC+ZIP+CZ
ERCOT,WTU,,"78412",,,,,DC+ZIP
ERCOT,CPL,,"78413",SOUTH,,,,DC+ZIP+CZ
ERCOT,WTU,,"78413",,,,,DC+ZIP
ERCOT,CPL,,"78414",SOUTH,,,,DC+ZIP+CZ
ERCOT,WTU,,"78414",,,,,DC+ZIP
ERCOT,CPL,,"78415",SOUTH,,,,DC+ZIP+CZ
ERCOT,WTU,,"78415",,,,,DC+ZIP
ERCOT,CPL,,"78416",SOUTH,,,,DC+ZIP+CZ
ERCOT,WTU,,"78416",,,,,DC+ZIP
ERCOT,CPL,,"78417",SOUTH,,,,DC+ZIP+CZ
ERCOT,WTU,,"78417",,,,,DC+ZIP
ERCOT,CPL,,"78418",SOUTH,,,,DC+ZIP+CZ
ERCOT,WTU,,"78418",,,,,DC+ZIP
ERCOT,CPL,,"78419",SOUTH,,,,DC+ZIP+CZ
ERCOT,WTU,,"78419",,,,,DC+ZIP
ERCOT,CPL,,"78426",SOUTH,,,,DC+ZIP+CZ
ERCOT,,,"78427",,,,,ZIP
ERCOT,,,"78460",,,,,ZIP
ERCOT,,,"78461",,,,,ZIP
ERCOT,,,"78463",,,,,ZIP
ERCOT,,,"78465",,,,,ZIP
ERCOT,,,"78466",,,,,ZIP
ERCOT,,,"78467",,,,,ZIP
ERCOT,,,"78468",,,,,ZIP
ERCOT,CPL,,"78469",SOUTH,,,,DC+ZIP+CZ
ERCOT,WTU,,"78469",,,,,DC+ZIP
ERCOT,CPL,,"78470",SOUTH,,,,DC+ZIP+CZ
ERCOT,WTU,,"78470",,,,,DC+ZIP
ERCOT,CPL,,"78471",SOUTH,,,,DC+ZIP+CZ
ERCOT,WTU,,"78471",,,,,DC+ZIP
ERCOT,,,"78472",,,,,ZIP
ERCOT,CPL,,"78473",SOUTH,,,,DC+ZIP+CZ
ERCOT,WTU,,"78473",,,,,DC+ZIP
ERCOT,CPL,,"78474",SOUTH,,,,DC+ZIP+CZ
ERCOT,WTU,,"78474",,,,,DC+ZIP
ERCOT,CPL,,"78475",SOUTH,,,,DC+ZIP+CZ
ERCOT,WTU,,"78475",,,,,DC+ZIP
ERCOT,CPL,,"78476",SOUTH,,,,DC+ZIP+CZ
ERCOT,WTU,,"78476",,,,,DC+ZIP
ERCOT,,,"78477",,,,,ZIP
ERCOT,CPL,,"78478",SOUTH,,,,DC+ZIP+CZ
ERCOT,WTU,,"78478",,,,,DC+ZIP
ERCOT,,,"78480",,,,,ZIP
ERCOT,ONC,,"78501",,,,,DC+ZIP
ERCOT,CPL,,"78502",SOUTH,,,,DC+ZIP+CZ
ERCOT,ONC,,"78503",,,,,DC+ZIP
ERCOT,CPL,,"78504",SOUTH,,,,DC+ZIP+CZ
ERCOT,WTU,,"78504",,,,,DC+ZIP
ERCOT,CPL,,"78505",SOUTH,,,,DC+ZIP+CZ
ERCOT,CPL,,"78516",SOUTH,,,,DC+ZIP+CZ
ERCOT,WTU,,"78516",,,,,DC+ZIP
ERCOT,CPL,,"78520",SOUTH,,,,DC+ZIP+CZ
ERCOT,WTU,,"78520",,,,,DC+ZIP
ERCOT,CPL,,"78521",SOUTH,,,,DC+ZIP+CZ
ERCOT,WTU,,"78521",,,,,DC+ZIP
ERCOT,CPL,,"78522",SOUTH,,,,DC+ZIP+CZ
ERCOT,WTU,,"78522",,,,,DC+ZIP
ERCOT,CPL,,"78523",,,,,DC+ZIP
ERCOT,CPL,,"78526",SOUTH,,,,DC+ZIP+CZ
ERCOT,WTU,,"78526",,,,,DC+ZIP
ERCOT,CPL,,"78535",SOUTH,,,,DC+ZIP+CZ
ERCOT,WTU,,"78535",,,,,DC+ZIP
ERCOT,,,"78536",,,,,ZIP
ERCOT,CPL,,"78537",SOUTH,,,,DC+ZIP+CZ
ERCOT,WTU,,"78537",,,,,DC+ZIP
ERCOT,CPL,,"78538",SOUTH,,,,DC+ZIP+CZ
ERCOT,WTU,,"78538",,,,,DC+ZIP
ERCOT,CPL,,"78539",SOUTH,,,,DC+ZIP+CZ
ERCOT,WTU,,"78539",,,,,DC+ZIP
ERCOT,CPL,,"78540",SOUTH,,,,DC+ZIP+CZ
ERCOT,WTU,,"78540",,,,,DC+ZIP
ERCOT,CPL,,"78541",SOUTH,,,,DC+ZIP+CZ
ERCOT,WTU,,"78541",,,,,DC+ZIP
ERCOT,CPL,,"78542",SOUTH,,,,DC+ZIP+CZ
ERCOT,CPL,,"78543",SOUTH,,,,DC+ZIP+CZ
ERCOT,WTU,,"78543",,,,,DC+ZIP
ERCOT,,,"78545",,,,,ZIP
ERCOT,CPL,,"78547",SOUTH,,,,DC+ZIP+CZ
ERCOT,WTU,,"78547",,,,,DC+ZIP
ERCOT,CPL,,"78548",SOUTH,,,,DC+ZIP+CZ
ERCOT,WTU,,"78548",,,,,DC+ZIP
ERCOT,CPL,,"78549",SOUTH,,,,DC+ZIP+CZ
ERCOT,WTU,,"78549",,,,,DC+ZIP
ERCOT,CPL,,"78550",SOUTH,,,,DC+ZIP+CZ
ERCOT,WTU,,"78550",,,,,DC+ZIP
ERCOT,CPL,,"78551",SOUTH,,,,DC+ZIP+CZ
ERCOT,WTU,,"78551",,,,,DC+ZIP
ERCOT,CPL,,"78552",SOUTH,,,,DC+ZIP+CZ
ERCOT,WTU,,"78552",,,,,DC+ZIP
ERCOT,WTU,,"78553",SOUTH,,,,DC+ZIP+CZ
ERCOT,CPL,,"78557",SOUTH,,,,DC+ZIP+CZ
ERCOT,WTU,,"78557",,,,,DC+ZIP
ERCOT,CPL,,"78558",SOUTH,,,,DC+ZIP+CZ
ERCOT,WTU,,"78558",,,,,DC+ZIP
ERCOT,CPL,,"78559",SOUTH,,,,DC+ZIP+CZ
ERCOT,WTU,,"78559",,,,,DC+ZIP
ERCOT,CPL,,"78560",SOUTH,,,,DC+ZIP+CZ
ERCOT,WTU,,"78560",,,,,DC+ZIP
ERCOT,,,"78561",,,,,ZIP
ERCOT,CPL,,"78562",SOUTH,,,,DC+ZIP+CZ
ERCOT,WTU,,"78562",,,,,DC+ZIP
ERCOT,WTU,,"78563",SOUTH,,,,DC+ZIP+CZ
ERCOT,,,"78564",,,,,ZIP
ERCOT,CPL,,"78565",SOUTH,,,,DC+ZIP+CZ
ERCOT,WTU,,"78565",,,,,DC+ZIP
ERCOT,CPL,,"78566",SOUTH,,,,DC+ZIP+CZ
ERCOT,WTU,,"78566",,,,,DC+ZIP
ERCOT,CPL,,"78567",SOUTH,,,,DC+ZIP+CZ
ERCOT,WTU,,"78567",,,,,DC+ZIP
ERCOT,CNP,,"78568",,,,,DC+ZIP
ERCOT,CPL,,"78568",SOUTH,,,,DC+ZIP+CZ
ERCOT,ONC,,"78568",,,,,DC+ZIP
ERCOT,WTU,,"78568",,,,,DC+ZIP
ERCOT,CPL,,"78569",SOUTH,,,,DC+ZIP+CZ
ERCOT,WTU,,"78569",,,,,DC+ZIP
ERCOT,CPL,,"78570",SOUTH,,,,DC+ZIP+CZ
ERCOT,WTU,,"78570",,,,,DC+ZIP
ERCOT,ONC,,"78572",,,,,DC+ZIP
ERCOT,ONC,,"78573",,,,,DC+ZIP
ERCOT,ONC,,"78574",,,,,DC+ZIP
ERCOT,CPL,,"78575",SOUTH,,,,DC+ZIP+CZ
ERCOT,WTU,,"78575",,,,,DC+ZIP
ERCOT,CPL,,"78576",SOUTH,,,,DC+ZIP+CZ
ERCOT,WTU,,"78576",,,,,DC+ZIP
ERCOT,ONC,,"78577",,,,,DC+ZIP
ERCOT,CPL,,"78578",SOUTH,,,,DC+ZIP+CZ
ERCOT,WTU,,"78578",,,,,DC+ZIP
ERCOT,CPL,,"78579",SOUTH,,,,DC+ZIP+CZ
ERCOT,WTU,,"78579",,,,,DC+ZIP
ERCOT,CPL,,"78580",SOUTH,,,,DC+ZIP+CZ
ERCOT,WTU,,"78580",,,,,DC+ZIP
ERCOT,CPL,,"78582",SOUTH,,,,DC+ZIP+CZ
ERCOT,WTU,,"78582",,,,,DC+ZIP
ERCOT,CPL,,"78583",SOUTH,,,,DC+ZIP+CZ
ERCOT,WTU,,"78583",,,,,DC+ZIP
ERCOT,CPL,,"78584",SOUTH,,,,DC+ZIP+CZ
ERCOT,WTU,,"78584",,,,,DC+ZIP
ERCOT,,,"78585",,,,,ZIP
ERCOT,CPL,,"78586",SOUTH,,,,DC+ZIP+CZ
ERCOT,WTU,,"78586",,,,,DC+ZIP
ERCOT,CPL,,"78588",,,,,DC+ZIP
ERCOT,CPL,,"78589",SOUTH,,,,DC+ZIP+CZ
ERCOT,WTU,,"78589",,,,,DC+ZIP
ERCOT,CPL,,"78590",,,,,DC+ZIP
ERCOT,,,"78591",,,,,ZIP
ERCOT,CPL,,"78592",SOUTH,,,,DC+ZIP+CZ
ERCOT,WTU,,"78592",,,,,DC+ZIP
ERCOT,CPL,,"78593",SOUTH,,,,DC+ZIP+CZ
ERCOT,WTU,,"78593",,,,,DC+ZIP
ERCOT,CPL,,"78594",SOUTH,,,,DC+ZIP+CZ
ERCOT,WTU,,"78594",,,,,DC+ZIP
ERCOT,CPL,,"78595",SOUTH,,,,DC+ZIP+CZ
ERCOT,WTU,,"78595",,,,,DC+ZIP
ERCOT,CPL,,"78596",SOUTH,,,,DC+ZIP+CZ
ERCOT,WTU,,"78596",,,,,DC+ZIP
ERCOT,CPL,,"78597",SOUTH,,,,DC+ZIP+CZ
ERCOT,WTU,,"78597",,,,,DC+ZIP
ERCOT,CPL,,"78598",SOUTH,,,,DC+ZIP+CZ
ERCOT,WTU,,"78598",,,,,DC+ZIP
ERCOT,CPL,,"78599",SOUTH,,,,DC+ZIP+CZ
ERCOT,,,"78602",,,,,ZIP
ERCOT,CPL,,"78604",SOUTH,,,,DC+ZIP+CZ
ERCOT,WTU,,"78604",,,,,DC+ZIP
ERCOT,,,"78605",,,,,ZIP
ERCOT,WTU,,"78606",,,,,DC+ZIP
ERCOT,,,"78607",,,,,ZIP
ERCOT,ONC,,"78608",,,,,DC+ZIP
ERCOT,ONC,,"78609",,,,,DC+ZIP
ERCOT,,,"78610",,,,,ZIP
ERCOT,ONC,,"78611",,,,,DC+ZIP
ERCOT,,,"78612",,,,,ZIP
ERCOT,,,"78613",,,,,ZIP
ERCOT,,,"78614",,,,,ZIP
ERCOT,ONC,,"78615",SOUTH,,,,DC+ZIP+CZ
ERCOT,,,"78616",,,,,ZIP
ERCOT,,,"78617",,,,,ZIP
ERCOT,,,"78618",,,,,ZIP
ERCOT,,,"78619",,,,,ZIP
ERCOT,,,"78620",,,,,ZIP
ERCOT,ONC,,"78621",SOUTH,,,,DC+ZIP+CZ
ERCOT,,,"78622",,,,,ZIP
ERCOT,,,"78623",,,,,ZIP
ERCOT,ONC,,"78624",,,,,DC+ZIP
ERCOT,ONC,,"78626",SOUTH,,,,DC+ZIP+CZ
ERCOT,ONC,,"78627",SOUTH,,,,DC+ZIP+CZ
ERCOT,ONC,,"78628",SOUTH,,,,DC+ZIP+CZ
ERCOT,CPL,,"78629",SOUTH,,,,DC+ZIP+CZ
ERCOT,WTU,,"78629",,,,,DC+ZIP
ERCOT,,,"78630",,,,,ZIP
ERCOT,,,"78631",,,,,ZIP
ERCOT,,,"78632",,,,,ZIP
ERCOT,ONC,,"78633",,,,,DC+ZIP
ERCOT,ONC,,"78634",SOUTH,,,,DC+ZIP+CZ
ERCOT,,,"78635",,,,,ZIP
ERCOT,,,"78636",,,,,ZIP
ERCOT,CPL,,"78638",SOUTH,,,,DC+ZIP+CZ
ERCOT,WTU,,"78638",,,,,DC+ZIP
ERCOT,,,"78639",,,,,ZIP
ERCOT,,,"78640",,,,,ZIP
ERCOT,ONC,,"78641",,,,,DC+ZIP
ERCOT,,,"78642",,,,,ZIP
ERCOT,,,"78643",,,,,ZIP
ERCOT,CPL,,"78644",SOUTH,,,,DC+ZIP+CZ
ERCOT,WTU,,"78644",,,,,DC+ZIP
ERCOT,,,"78645",,,,,ZIP
ERCOT,,,"78646",,,,,ZIP
ERCOT,CPL,,"78648",SOUTH,,,,DC+ZIP+CZ
ERCOT,WTU,,"78648",,,,,DC+ZIP
ERCOT,ONC,,"78650",SOUTH,,,,DC+ZIP+CZ
ERCOT,,,"78651",,,,,ZIP
ERCOT,,,"78652",,,,,ZIP
ERCOT,ONC,,"78653",SOUTH,,,,DC+ZIP+CZ
ERCOT,,,"78654",,,,,ZIP
ERCOT,,,"78655",,,,,ZIP
ERCOT,,,"78656",,,,,ZIP
ERCOT,ONC,,"78657",,,,,DC+ZIP
ERCOT,,,"78658",,,,,ZIP
ERCOT,,,"78659",,,,,ZIP
ERCOT,ONC,,"78660",SOUTH,,,,DC+ZIP+CZ
ERCOT,,,"78661",,,,,ZIP
ERCOT,,,"78662",,,,,ZIP
ERCOT,,,"78663",,,,,ZIP
ERCOT,ONC,,"78664",SOUTH,,,,DC+ZIP+CZ
ERCOT,ONC,,"78665",,,,,DC+ZIP
ERCOT,,,"78666",,,,,ZIP
ERCOT,ONC,,"78667",,,,,DC+ZIP
ERCOT,,,"78669",,,,,ZIP
ERCOT,,,"78670",,,,,ZIP
ERCOT,,,"78671",,,,,ZIP
ERCOT,,,"78672",,,,,ZIP
ERCOT,,,"78673",,,,,ZIP
ERCOT,ONC,,"78674",SOUTH,,,,DC+ZIP+CZ
ERCOT,,,"78675",,,,,ZIP
ERCOT,,,"78676",,,,,ZIP
ERCOT,,,"78677",,,,,ZIP
ERCOT,ONC,,"78680",SOUTH,,,,DC+ZIP+CZ
ERCOT,ONC,,"78681",SOUTH,,,,DC+ZIP+CZ
ERCOT,,,"78682",,,,,ZIP
ERCOT,,,"78683",,,,,ZIP
ERCOT,ONC,,"78691",SOUTH,,,,DC+ZIP+CZ
ERCOT,ONC,,"78701",SOUTH,,,,DC+ZIP+CZ
ERCOT,,,"78702",,,,,ZIP
ERCOT,ONC,,"78703",SOUTH,,,,DC+ZIP+CZ
ERCOT,ONC,,"78704",SOUTH,,,,DC+ZIP+CZ
ERCOT,ONC,,"78705",SOUTH,,,,DC+ZIP+CZ
ERCOT,CNP,,"78708",,,,,DC+ZIP
ERCOT,CPL,,"78708",SOUTH,,,,DC+ZIP+CZ
ERCOT,ONC,,"78708",,,,,DC+ZIP
ERCOT,,,"78709",,,,,ZIP
ERCOT,,,"78710",,,,,ZIP
ERCOT,,,"78711",,,,,ZIP
ERCOT,,,"78712",,,,,ZIP
ERCOT,,,"78713",,,,,ZIP
ERCOT,,,"78714",,,,,ZIP
ERCOT,,,"78715",,,,,ZIP
ERCOT,,,"78716",,,,,ZIP
ERCOT,ONC,,"78717",SOUTH,,,,DC+ZIP+CZ
ERCOT,ONC,,"78718",SOUTH,,,,DC+ZIP+CZ
ERCOT,WTU,,"78718",,,,,DC+ZIP
ERCOT,ONC,,"78719",SOUTH,,,,DC+ZIP+CZ
ERCOT,,,"78720",,,,,ZIP
ERCOT,ONC,,"78721",SOUTH,,,,DC+ZIP+CZ
ERCOT,,,"78722",,,,,ZIP
ERCOT,ONC,,"78723",,,,,DC+ZIP
ERCOT,,,"78724",,,,,ZIP
ERCOT,ONC,,"78725",SOUTH,,,,DC+ZIP+CZ
ERCOT,ONC,,"78726",SOUTH,,,,DC+ZIP+CZ
ERCOT,ONC,,"78727",SOUTH,,,,DC+ZIP+CZ
ERCOT,ONC,,"78728",SOUTH,,,,DC+ZIP+CZ
ERCOT,ONC,,"78729",SOUTH,,,,DC+ZIP+CZ
ERCOT,,,"78730",,,,,ZIP
ERCOT,ONC,,"78731",SOUTH,,,,DC+ZIP+CZ
ERCOT,,,"78732",,,,,ZIP
ERCOT,,,"78733",,,,,ZIP
ERCOT,ONC,,"78734",SOUTH,,,,DC+ZIP+CZ
ERCOT,ONC,,"78735",SOUTH,,,,DC+ZIP+CZ
ERCOT,,,"78736",,,,,ZIP
ERCOT,ONC,,"78737",,,,,DC+ZIP
ERCOT,ONC,,"78738",SOUTH,,,,DC+ZIP+CZ
ERCOT,,,"78739",,,,,ZIP
ERCOT,ONC,,"78741",SOUTH,,,,DC+ZIP+CZ
ERCOT,,,"78742",,,,,ZIP
ERCOT,ONC,,"78744",SOUTH,,,,DC+ZIP+CZ
ERCOT,ONC,,"78745",,,,,DC+ZIP
ERCOT,ONC,,"78746",SOUTH,,,,DC+ZIP+CZ
ERCOT,,,"78747",,,,,ZIP
ERCOT,ONC,,"78748",SOUTH,,,,DC+ZIP+CZ
ERCOT,,,"78749",,,,,ZIP
ERCOT,ONC,,"78750",SOUTH,,,,DC+ZIP+CZ
ERCOT,ONC,,"78751",SOUTH,,,,DC+ZIP+CZ
ERCOT,ONC,,"78752",SOUTH,,,,DC+ZIP+CZ
ERCOT,ONC,,"78753",SOUTH,,,,DC+ZIP+CZ
ERCOT,,,"78754",,,,,ZIP
ERCOT,,,"78755",,,,,ZIP
ERCOT,ONC,,"78756",SOUTH,,,,DC+ZIP+CZ
ERCOT,ONC,,"78757",SOUTH,,,,DC+ZIP+CZ
ERCOT,ONC,,"78758",SOUTH,,,,DC+ZIP+CZ
ERCOT,ONC,,"78759",SOUTH,,,,DC+ZIP+CZ
ERCOT,,,"78760",,,,,ZIP
ERCOT,ONC,,"78761",SOUTH,,,,DC+ZIP+CZ
ERCOT,,,"78762",,,,,ZIP
ERCOT,ONC,,"78763",SOUTH,,,,DC+ZIP+CZ
ERCOT,,,"78764",,,,,ZIP
ERCOT,,,"78765",,,,,ZIP
ERCOT,ONC,,"78766",SOUTH,,,,DC+ZIP+CZ
ERCOT,ONC,,"78767",SOUTH,,,,DC+ZIP+CZ
ERCOT,,,"78768",,,,,ZIP
ERCOT,,,"78769",,,,,ZIP
ERCOT,,,"78772",,,,,ZIP
ERCOT,,,"78773",,,,,ZIP
ERCOT,,,"78774",,,,,ZIP
ERCOT,,,"78778",,,,,ZIP
ERCOT,,,"78779",,,,,ZIP
ERCOT,,,"78780",,,,,ZIP
ERCOT,,,"78781",,,,,ZIP
ERCOT,,,"78783",,,,,ZIP
ERCOT,,,"78785",,,,,ZIP
ERCOT,,,"78786",,,,,ZIP
ERCOT,,,"78788",,,,,ZIP
ERCOT,,,"78789",,,,,ZIP
ERCOT,,,"78799",,,,,ZIP
ERCOT,CPL,,"78801",SOUTH,,,,DC+ZIP+CZ
ERCOT,WTU,,"78801",,,,,DC+ZIP
ERCOT,CPL,,"78802",SOUTH,,,,DC+ZIP+CZ
ERCOT,CPL,,"78827",SOUTH,,,,DC+ZIP+CZ
ERCOT,WTU,,"78827",,,,,DC+ZIP
ERCOT,CPL,,"78828",SOUTH,,,,DC+ZIP+CZ
ERCOT,WTU,,"78828",,,,,DC+ZIP
ERCOT,,,"78829",,,,,ZIP
ERCOT,CPL,,"78830",SOUTH,,,,DC+ZIP+CZ
ERCOT,WTU,,"78830",,,,,DC+ZIP
ERCOT,CPL,,"78832",SOUTH,,,,DC+ZIP+CZ
ERCOT,WTU,,"78832",,,,,DC+ZIP
ERCOT,CPL,,"78833",SOUTH,,,,DC+ZIP+CZ
ERCOT,WTU,,"78833",,,,,DC+ZIP
ERCOT,CPL,,"78834",SOUTH,,,,DC+ZIP+CZ
ERCOT,WTU,,"78834",,,,,DC+ZIP
ERCOT,CPL,,"78836",SOUTH,,,,DC+ZIP+CZ
ERCOT,WTU,,"78836",,,,,DC+ZIP
ERCOT,CPL,,"78837",SOUTH,,,,DC+ZIP+CZ
ERCOT,WTU,,"78837",,,,,DC+ZIP
ERCOT,,,"78838",,,,,ZIP
ERCOT,CPL,,"78839",SOUTH,,,,DC+ZIP+CZ
ERCOT,WTU,,"78839",,,,,DC+ZIP
ERCOT,CPL,,"78840",SOUTH,,,,DC+ZIP+CZ
ERCOT,WTU,,"78840",,,,,DC+ZIP
ERCOT,CPL,,"78841",,,,,DC+ZIP
ERCOT,,,"78842",,,,,ZIP
ERCOT,CPL,,"78843",SOUTH,,,,DC+ZIP+CZ
ERCOT,WTU,,"78843",,,,,DC+ZIP
ERCOT,,,"78847",,,,,ZIP
ERCOT,CPL,,"78850",,,,,DC+ZIP
ERCOT,TNP,,"78851",,,,,DC+ZIP
ERCOT,CPL,,"78852",SOUTH,,,,DC+ZIP+CZ
ERCOT,WTU,,"78852",,,,,DC+ZIP
ERCOT,CPL,,"78853",SOUTH,,,,DC+ZIP+CZ
ERCOT,CPL,,"78860",SOUTH,,,,DC+ZIP+CZ
ERCOT,WTU,,"78860",,,,,DC+ZIP
ERCOT,,,"78861",,,,,ZIP
ERCOT,CPL,,"78870",SOUTH,,,,DC+ZIP+CZ
ERCOT,WTU,,"78870",,,,,DC+ZIP
ERCOT,,,"78871",,,,,ZIP
ERCOT,CPL,,"78872",SOUTH,,,,DC+ZIP+CZ
ERCOT,WTU,,"78872",,,,,DC+ZIP
ERCOT,CPL,,"78873",SOUTH,,,,DC+ZIP+CZ
ERCOT,WTU,,"78873",,,,,DC+ZIP
ERCOT,CPL,,"78877",SOUTH,,,,DC+ZIP+CZ
ERCOT,WTU,,"78877",,,,,DC+ZIP
ERCOT,,,"78879",,,,,ZIP
ERCOT,CPL,,"78880",SOUTH,,,,DC+ZIP+CZ
ERCOT,WTU,,"78880",,,,,DC+ZIP
ERCOT,CPL,,"78881",SOUTH,,,,DC+ZIP+CZ
ERCOT,WTU,,"78881",,,,,DC+ZIP
ERCOT,,,"78883",,,,,ZIP
ERCOT,,,"78884",,,,,ZIP
ERCOT,,,"78885",,,,,ZIP
ERCOT,,,"78886",,,,,ZIP
ERCOT,,,"78931",,,,,ZIP
ERCOT,,,"78932",,,,,ZIP
ERCOT,CNP,,"78933",,,,,DC+ZIP
ERCOT,CPL,,"78934",SOUTH,,,,DC+ZIP+CZ
ERCOT,WTU,,"78934",,,,,DC+ZIP
ERCOT,CPL,,"78935",SOUTH,,,,DC+ZIP+CZ
ERCOT,WTU,,"78935",,,,,DC+ZIP
ERCOT,,,"78938",,,,,ZIP
ERCOT,,,"78940",,,,,ZIP
ERCOT,,,"78941",,,,,ZIP
ERCOT,,,"78942",,,,,ZIP
ERCOT,CPL,,"78943",SOUTH,,,,DC+ZIP+CZ
ERCOT,WTU,,"78943",,,,,DC+ZIP
ERCOT,,,"78944",,,,,ZIP
ERCOT,,,"78945",,,,,ZIP
ERCOT,,,"78946",,,,,ZIP
ERCOT,,,"78947",,,,,ZIP
ERCOT,,,"78948",,,,,ZIP
ERCOT,,,"78949",,,,,ZIP
ERCOT,,,"78950",,,,,ZIP
ERCOT,,,"78951",,,,,ZIP
ERCOT,,,"78952",,,,,ZIP
ERCOT,,,"78953",,,,,ZIP
ERCOT,,,"78954",,,,,ZIP
ERCOT,,,"78956",,,,,ZIP
ERCOT,,,"78957",,,,,ZIP
ERCOT,,,"78959",,,,,ZIP
ERCOT,,,"78960",,,,,ZIP
ERCOT,,,"78961",,,,,ZIP
ERCOT,,,"78962",,,,,ZIP
ERCOT,,,"78963",,,,,ZIP
ERCOT,,,"79001",,,,,ZIP
ERCOT,,,"79003",,,,,ZIP
ERCOT,,,"79011",,,,,ZIP
ERCOT,ONC,,"79039",,,,,DC+ZIP
ERCOT,,,"79059",,,,,ZIP
ERCOT,,,"79061",,,,,ZIP
ERCOT,ONC,,"79068",,,,,DC+ZIP
ERCOT,CPL,,"79079",WEST,,,,DC+ZIP+CZ
ERCOT,,,"79096",,,,,ZIP
ERCOT,ONC,,"79097",,,,,DC+ZIP
ERCOT,CPL,,"79201",WEST,,,,DC+ZIP+CZ
ERCOT,WTU,,"79201",,,,,DC+ZIP
ERCOT,CPL,,"79220",WEST,,,,DC+ZIP+CZ
ERCOT,,,"79223",,,,,ZIP
ERCOT,CPL,,"79225",WEST,,,,DC+ZIP+CZ
ERCOT,WTU,,"79225",,,,,DC+ZIP
ERCOT,WTU,,"79226",,,,,DC+ZIP
ERCOT,CPL,,"79227",WEST,,,,DC+ZIP+CZ
ERCOT,WTU,,"79227",,,,,DC+ZIP
ERCOT,CPL,,"79229",WEST,,,,DC+ZIP+CZ
ERCOT,WTU,,"79229",,,,,DC+ZIP
ERCOT,,,"79232",,,,,ZIP
ERCOT,CPL,,"79233",WEST,,,,DC+ZIP+CZ
ERCOT,CPL,,"79234",WEST,,,,DC+ZIP+CZ
ERCOT,WTU,,"79234",,,,,DC+ZIP
ERCOT,,,"79236",,,,,ZIP
ERCOT,WTU,,"79237",WEST,,,,DC+ZIP+CZ
ERCOT,,,"79238",,,,,ZIP
ERCOT,,,"79239",,,,,ZIP
ERCOT,,,"79240",,,,,ZIP
ERCOT,CPL,,"79243",WEST,,,,DC+ZIP+CZ
ERCOT,WTU,,"79243",,,,,DC+ZIP
ERCOT,CPL,,"79244",WEST,,,,DC+ZIP+CZ
ERCOT,WTU,,"79244",,,,,DC+ZIP
ERCOT,CPL,,"79245",WEST,,,,DC+ZIP+CZ
ERCOT,CPL,,"79247",WEST,,,,DC+ZIP+CZ
ERCOT,WTU,,"79247",,,,,DC+ZIP
ERCOT,CPL,,"79248",WEST,,,,DC+ZIP+CZ
ERCOT,WTU,,"79248",,,,,DC+ZIP
ERCOT,CPL,,"79252",WEST,,,,DC+ZIP+CZ
ERCOT,WTU,,"79252",,,,,DC+ZIP
ERCOT,CPL,,"79255",WEST,,,,DC+ZIP+CZ
ERCOT,WTU,,"79255",,,,,DC+ZIP
ERCOT,CPL,,"79256",WEST,,,,DC+ZIP+CZ
ERCOT,WTU,,"79256",,,,,DC+ZIP
ERCOT,CPL,,"79257",WEST,,,,DC+ZIP+CZ
ERCOT,ONC,,"79257",,,,,DC+ZIP
ERCOT,TNP,,"79257",,,,,DC+ZIP
ERCOT,WTU,,"79257",,,,,DC+ZIP
ERCOT,,,"79259",,,,,ZIP
ERCOT,CPL,,"79261",WEST,,,,DC+ZIP+CZ
ERCOT,WTU,,"79261",,,,,DC+ZIP
ERCOT,,,"79322",,,,,ZIP
ERCOT,ONC,,"79331",WEST,,,,DC+ZIP+CZ
ERCOT,,,"79343",,,,,ZIP
ERCOT,ONC,,"79351",WEST,,,,DC+ZIP+CZ
ERCOT,,,"79357",,,,,ZIP
ERCOT,CPL,,"79370",WEST,,,,DC+ZIP+CZ
ERCOT,ONC,,"79370",,,,,DC+ZIP
ERCOT,TNP,,"79370",,,,,DC+ZIP
ERCOT,WTU,,"79370",,,,,DC+ZIP
ERCOT,,,"79377",,,,,ZIP
ERCOT,CPL,,"79501",WEST,,,,DC+ZIP+CZ
ERCOT,WTU,,"79501",,,,,DC+ZIP
ERCOT,CPL,,"79502",WEST,,,,DC+ZIP+CZ
ERCOT,WTU,,"79502",,,,,DC+ZIP
ERCOT,CPL,,"79503",WEST,,,,DC+ZIP+CZ
ERCOT,WTU,,"79503",,,,,DC+ZIP
ERCOT,CPL,,"79504",WEST,,,,DC+ZIP+CZ
ERCOT,ONC,,"79504",,,,,DC+ZIP
ERCOT,TNP,,"79504",,,,,DC+ZIP
ERCOT,WTU,,"79504",,,,,DC+ZIP
ERCOT,CPL,,"79505",WEST,,,,DC+ZIP+CZ
ERCOT,WTU,,"79505",,,,,DC+ZIP
ERCOT,CPL,,"79506",WEST,,,,DC+ZIP+CZ
ERCOT,WTU,,"79506",,,,,DC+ZIP
ERCOT,CPL,,"79508",WEST,,,,DC+ZIP+CZ
ERCOT,WTU,,"79508",,,,,DC+ZIP
ERCOT,CPL,,"79510",WEST,,,,DC+ZIP+CZ
ERCOT,WTU,,"79510",,,,,DC+ZIP
ERCOT,ONC,,"79511",WEST,,,,DC+ZIP+CZ
ERCOT,ONC,,"79512",WEST,,,,DC+ZIP+CZ
ERCOT,WTU,,"79512",,,,,DC+ZIP
ERCOT,ONC,,"79516",,,,,DC+ZIP
ERCOT,,,"79517",,,,,ZIP
ERCOT,CPL,,"79518",WEST,,,,DC+ZIP+CZ
ERCOT,WTU,,"79518",,,,,DC+ZIP
ERCOT,,,"79519",,,,,ZIP
ERCOT,CPL,,"79520",WEST,,,,DC+ZIP+CZ
ERCOT,TNP,,"79520",,,,,DC+ZIP
ERCOT,WTU,,"79520",,,,,DC+ZIP
ERCOT,CPL,,"79521",WEST,,,,DC+ZIP+CZ
ERCOT,WTU,,"79521",,,,,DC+ZIP
ERCOT,CPL,,"79525",WEST,,,,DC+ZIP+CZ
ERCOT,WTU,,"79525",,,,,DC+ZIP
ERCOT,ONC,,"79526",WEST,,,,DC+ZIP+CZ
ERCOT,ONC,,"79527",WEST,,,,DC+ZIP+CZ
ERCOT,CPL,,"79528",WEST,,,,DC+ZIP+CZ
ERCOT,WTU,,"79528",,,,,DC+ZIP
ERCOT,CPL,,"79529",WEST,,,,DC+ZIP+CZ
ERCOT,WTU,,"79529",,,,,DC+ZIP
ERCOT,CPL,,"79530",WEST,,,,DC+ZIP+CZ
ERCOT,WTU,,"79530",,,,,DC+ZIP
ERCOT,ONC,,"79532",WEST,,,,DC+ZIP+CZ
ERCOT,CPL,,"79533",WEST,,,,DC+ZIP+CZ
ERCOT,WTU,,"79533",,,,,DC+ZIP
ERCOT,CPL,,"79534",WEST,,,,DC+ZIP+CZ
ERCOT,WTU,,"79534",,,,,DC+ZIP
ERCOT,ONC,,"79535",,,,,DC+ZIP
ERCOT,CPL,,"79536",WEST,,,,DC+ZIP+CZ
ERCOT,WTU,,"79536",,,,,DC+ZIP
ERCOT,,,"79537",,,,,ZIP
ERCOT,,,"79538",,,,,ZIP
ERCOT,CPL,,"79539",WEST,,,,DC+ZIP+CZ
ERCOT,WTU,,"79539",,,,,DC+ZIP
ERCOT,CPL,,"79540",WEST,,,,DC+ZIP+CZ
ERCOT,WTU,,"79540",,,,,DC+ZIP
ERCOT,CPL,,"79541",WEST,,,,DC+ZIP+CZ
ERCOT,WTU,,"79541",,,,,DC+ZIP
ERCOT,ONC,,"79543",,,,,DC+ZIP
ERCOT,CPL,,"79544",WEST,,,,DC+ZIP+CZ
ERCOT,WTU,,"79544",,,,,DC+ZIP
ERCOT,ONC,,"79545",WEST,,,,DC+ZIP+CZ
ERCOT,CPL,,"79546",WEST,,,,DC+ZIP+CZ
ERCOT,WTU,,"79546",,,,,DC+ZIP
ERCOT,CPL,,"79547",WEST,,,,DC+ZIP+CZ
ERCOT,WTU,,"79547",,,,,DC+ZIP
ERCOT,CPL,,"79548",WEST,,,,DC+ZIP+CZ
ERCOT,WTU,,"79548",,,,,DC+ZIP
ERCOT,ONC,,"79549",WEST,,,,DC+ZIP+CZ
ERCOT,ONC,,"79550",WEST,,,,DC+ZIP+CZ
ERCOT,CPL,,"79553",WEST,,,,DC+ZIP+CZ
ERCOT,WTU,,"79553",,,,,DC+ZIP
ERCOT,ONC,,"79556",WEST,,,,DC+ZIP+CZ
ERCOT,WTU,,"79556",,,,,DC+ZIP
ERCOT,CPL,,"79560",WEST,,,,DC+ZIP+CZ
ERCOT,WTU,,"79560",,,,,DC+ZIP
ERCOT,CPL,,"79561",WEST,,,,DC+ZIP+CZ
ERCOT,WTU,,"79561",,,,,DC+ZIP
ERCOT,CPL,,"79562",WEST,,,,DC+ZIP+CZ
ERCOT,WTU,,"79562",,,,,DC+ZIP
ERCOT,CPL,,"79563",WEST,,,,DC+ZIP+CZ
ERCOT,WTU,,"79563",,,,,DC+ZIP
ERCOT,ONC,,"79565",WEST,,,,DC+ZIP+CZ
ERCOT,CPL,,"79566",WEST,,,,DC+ZIP+CZ
ERCOT,WTU,,"79566",,,,,DC+ZIP
ERCOT,CPL,,"79567",WEST,,,,DC+ZIP+CZ
ERCOT,WTU,,"79567",,,,,DC+ZIP
ERCOT,CPL,,"79601",WEST,,,,DC+ZIP+CZ
ERCOT,WTU,,"79601",,,,,DC+ZIP
ERCOT,CPL,,"79602",WEST,,,,DC+ZIP+CZ
ERCOT,WTU,,"79602",,,,,DC+ZIP
ERCOT,CPL,,"79603",WEST,,,,DC+ZIP+CZ
ERCOT,WTU,,"79603",,,,,DC+ZIP
ERCOT,CPL,,"79604",WEST,,,,DC+ZIP+CZ
ERCOT,WTU,,"79604",,,,,DC+ZIP
ERCOT,CPL,,"79605",WEST,,,,DC+ZIP+CZ
ERCOT,WTU,,"79605",,,,,DC+ZIP
ERCOT,CPL,,"79606",WEST,,,,DC+ZIP+CZ
ERCOT,WTU,,"79606",,,,,DC+ZIP
ERCOT,CPL,,"79607",WEST,,,,DC+ZIP+CZ
ERCOT,CPL,,"79608",WEST,,,,DC+ZIP+CZ
ERCOT,,,"79697",,,,,ZIP
ERCOT,CPL,,"79698",WEST,,,,DC+ZIP+CZ
ERCOT,WTU,,"79699",WEST,,,,DC+ZIP+CZ
ERCOT,ONC,,"79701",WEST,,,,DC+ZIP+CZ
ERCOT,WTU,,"79701",,,,,DC+ZIP
ERCOT,ONC,,"79702",WEST,,,,DC+ZIP+CZ
ERCOT,ONC,,"79703",WEST,,,,DC+ZIP+CZ
ERCOT,ONC,,"79704",WEST,,,,DC+ZIP+CZ
ERCOT,ONC,,"79705",WEST,,,,DC+ZIP+CZ
ERCOT,ONC,,"79706",WEST,,,,DC+ZIP+CZ
ERCOT,ONC,,"79707",WEST,,,,DC+ZIP+CZ
ERCOT,ONC,,"79708",,,,,DC+ZIP
ERCOT,ONC,,"79710",WEST,,,,DC+ZIP+CZ
ERCOT,ONC,,"79711",WEST,,,,DC+ZIP+CZ
ERCOT,ONC,,"79712",WEST,,,,DC+ZIP+CZ
ERCOT,ONC,,"79713",WEST,,,,DC+ZIP+CZ
ERCOT,ONC,,"79714",WEST,,,,DC+ZIP+CZ
ERCOT,CPL,,"79718",WEST,,,,DC+ZIP+CZ
ERCOT,WTU,,"79718",,,,,DC+ZIP
ERCOT,ONC,,"79719",WEST,,,,DC+ZIP+CZ
ERCOT,TNP,,"79719",,,,,DC+ZIP
ERCOT,ONC,,"79720",WEST,,,,DC+ZIP+CZ
ERCOT,ONC,,"79721",WEST,,,,DC+ZIP+CZ
ERCOT,ONC,,"79730",WEST,,,,DC+ZIP+CZ
ERCOT,TNP,,"79730",,,,,DC+ZIP
ERCOT,ONC,,"79731",,,,,DC+ZIP
ERCOT,ONC,,"79733",WEST,,,,DC+ZIP+CZ
ERCOT,CPL,,"79734",WEST,,,,DC+ZIP+CZ
ERCOT,WTU,,"79734",,,,,DC+ZIP
ERCOT,TNP,,"79735",,,,,DC+ZIP
ERCOT,ONC,,"79738",,,,,DC+ZIP
ERCOT,ONC,,"79739",WEST,,,,DC+ZIP+CZ
ERCOT,TNP,,"79740",,,,,DC+ZIP
ERCOT,ONC,,"79741",WEST,,,,DC+ZIP+CZ
ERCOT,ONC,,"79742",WEST,,,,DC+ZIP+CZ
ERCOT,ONC,,"79743",,,,,DC+ZIP
ERCOT,CPL,,"79744",WEST,,,,DC+ZIP+CZ
ERCOT,WTU,,"79744",,,,,DC+ZIP
ERCOT,ONC,,"79745",,,,,DC+ZIP
ERCOT,TNP,,"79745",,,,,DC+ZIP
ERCOT,ONC,,"79748",,,,,DC+ZIP
ERCOT,ONC,,"79749",WEST,,,,DC+ZIP+CZ
ERCOT,CPL,,"79752",WEST,,,,DC+ZIP+CZ
ERCOT,WTU,,"79752",,,,,DC+ZIP
ERCOT,ONC,,"79754",WEST,,,,DC+ZIP+CZ
ERCOT,ONC,,"79755",WEST,,,,DC+ZIP+CZ
ERCOT,WTU,,"79755",,,,,DC+ZIP
ERCOT,ONC,,"79756",WEST,,,,DC+ZIP+CZ
ERCOT,ONC,,"79758",WEST,,,,DC+ZIP+CZ
ERCOT,ONC,,"79759",WEST,,,,DC+ZIP+CZ
ERCOT,ONC,,"79760",WEST,,,,DC+ZIP+CZ
ERCOT,ONC,,"79761",WEST,,,,DC+ZIP+CZ
ERCOT,ONC,,"79762",WEST,,,,DC+ZIP+CZ
ERCOT,ONC,,"79763",WEST,,,,DC+ZIP+CZ
ERCOT,ONC,,"79764",WEST,,,,DC+ZIP+CZ
ERCOT,ONC,,"79765",WEST,,,,DC+ZIP+CZ
ERCOT,ONC,,"79766",WEST,,,,DC+ZIP+CZ
ERCOT,ONC,,"79768",,,,,DC+ZIP
ERCOT,,,"79769",,,,,ZIP
ERCOT,ONC,,"79770",WEST,,,,DC+ZIP+CZ
ERCOT,ONC,,"79772",,,,,DC+ZIP
ERCOT,TNP,,"79772",,,,,DC+ZIP
ERCOT,ONC,,"79776",WEST,,,,DC+ZIP+CZ
ERCOT,ONC,,"79777",WEST,,,,DC+ZIP+CZ
ERCOT,TNP,,"79777",,,,,DC+ZIP
ERCOT,ONC,,"79778",,,,,DC+ZIP
ERCOT,,,"79779",,,,,ZIP
ERCOT,CPL,,"79780",WEST,,,,DC+ZIP+CZ
ERCOT,WTU,,"79780",,,,,DC+ZIP
ERCOT,CPL,,"79781",WEST,,,,DC+ZIP+CZ
ERCOT,WTU,,"79781",,,,,DC+ZIP
ERCOT,ONC,,"79782",WEST,,,,DC+ZIP+CZ
ERCOT,ONC,,"79783",,,,,DC+ZIP
ERCOT,TNP,,"79785",,,,,DC+ZIP
ERCOT,,,"79786",,,,,ZIP
ERCOT,ONC,,"79788",WEST,,,,DC+ZIP+CZ
ERCOT,TNP,,"79788",,,,,DC+ZIP
ERCOT,ONC,,"79789",WEST,,,,DC+ZIP+CZ
ERCOT,TNP,,"79789",,,,,DC+ZIP
ERCOT,,,"79821",,,,,ZIP
ERCOT,CPL,,"79830",WEST,,,,DC+ZIP+CZ
ERCOT,WTU,,"79830",,,,,DC+ZIP
ERCOT,CPL,,"79831",WEST,,,,DC+ZIP+CZ
ERCOT,WTU,,"79831",,,,,DC+ZIP
ERCOT,CPL,,"79832",WEST,,,,DC+ZIP+CZ
ERCOT,WTU,,"79832",,,,,DC+ZIP
ERCOT,,,"79834",,,,,ZIP
ERCOT,,,"79835",,,,,ZIP
ERCOT,,,"79836",,,,,ZIP
ERCOT,,,"79837",,,,,ZIP
ERCOT,,,"79838",,,,,ZIP
ERCOT,,,"79839",,,,,ZIP
ERCOT,CPL,,"79842",WEST,,,,DC+ZIP+CZ
ERCOT,WTU,,"79842",,,,,DC+ZIP
ERCOT,CPL,,"79843",WEST,,,,DC+ZIP+CZ
ERCOT,WTU,,"79843",,,,,DC+ZIP
ERCOT,CPL,,"79845",WEST,,,,DC+ZIP+CZ
ERCOT,WTU,,"79845",,,,,DC+ZIP
ERCOT,WTU,,"79846",,,,,DC+ZIP
ERCOT,,,"79847",,,,,ZIP
ERCOT,TNP,,"79848",,,,,DC+ZIP
ERCOT,,,"79849",,,,,ZIP
ERCOT,,,"79851",,,,,ZIP
ERCOT,,,"79852",,,,,ZIP
ERCOT,,,"79853",,,,,ZIP
ERCOT,CPL,,"79854",WEST,,,,DC+ZIP+CZ
ERCOT,WTU,,"79854",,,,,DC+ZIP
ERCOT,,,"79855",,,,,ZIP
ERCOT,,,"79901",,,,,ZIP
ERCOT,,,"79902",,,,,ZIP
ERCOT,,,"79903",,,,,ZIP
ERCOT,,,"79904",,,,,ZIP
ERCOT,,,"79905",,,,,ZIP
ERCOT,,,"79906",,,,,ZIP
ERCOT,,,"79907",,,,,ZIP
ERCOT,,,"79908",,,,,ZIP
ERCOT,,,"79910",,,,,ZIP
ERCOT,,,"79911",,,,,ZIP
ERCOT,,,"79912",,,,,ZIP
ERCOT,,,"79913",,,,,ZIP
ERCOT,,,"79914",,,,,ZIP
ERCOT,,,"79915",,,,,ZIP
ERCOT,,,"79916",,,,,ZIP
ERCOT,,,"79917",,,,,ZIP
ERCOT,,,"79918",,,,,ZIP
ERCOT,,,"79920",,,,,ZIP
ERCOT,,,"79922",,,,,ZIP
ERCOT,,,"79923",,,,,ZIP
ERCOT,,,"79924",,,,,ZIP
ERCOT,,,"79925",,,,,ZIP
ERCOT,,,"79926",,,,,ZIP
ERCOT,,,"79927",,,,,ZIP
ERCOT,,,"79928",,,,,ZIP
ERCOT,,,"79929",,,,,ZIP
ERCOT,,,"79930",,,,,ZIP
ERCOT,,,"79931",,,,,ZIP
ERCOT,,,"79932",,,,,ZIP
ERCOT,,,"79934",,,,,ZIP
ERCOT,,,"79935",,,,,ZIP
ERCOT,,,"79936",,,,,ZIP
ERCOT,,,"79937",,,,,ZIP
ERCOT,,,"79938",,,,,ZIP
ERCOT,,,"79940",,,,,ZIP
ERCOT,,,"79941",,,,,ZIP
ERCOT,,,"79942",,,,,ZIP
ERCOT,,,"79943",,,,,ZIP
ERCOT,,,"79944",,,,,ZIP
ERCOT,,,"79945",,,,,ZIP
ERCOT,,,"79946",,,,,ZIP
ERCOT,,,"79947",,,,,ZIP
ERCOT,,,"79948",,,,,ZIP
ERCOT,,,"79949",,,,,ZIP
ERCOT,,,"79950",,,,,ZIP
ERCOT,,,"79951",,,,,ZIP
ERCOT,,,"79952",,,,,ZIP
ERCOT,,,"79953",,,,,ZIP
ERCOT,,,"79954",,,,,ZIP
ERCOT,,,"79955",,,,,ZIP
ERCOT,,,"79958",,,,,ZIP
ERCOT,,,"79960",,,,,ZIP
ERCOT,,,"79961",,,,,ZIP
ERCOT,,,"79966",,,,,ZIP
ERCOT,,,"79968",,,,,ZIP
ERCOT,,,"79973",,,,,ZIP
ERCOT,,,"79974",,,,,ZIP
ERCOT,,,"79975",,,,,ZIP
ERCOT,,,"79976",,,,,ZIP
ERCOT,,,"79977",,,,,ZIP
ERCOT,,,"79978",,,,,ZIP
ERCOT,,,"79980",,,,,ZIP
ERCOT,,,"79982",,,,,ZIP
ERCOT,,,"79983",,,,,ZIP
ERCOT,,,"79984",,,,,ZIP
ERCOT,,,"79985",,,,,ZIP
ERCOT,,,"79986",,,,,ZIP
ERCOT,,,"79987",,,,,ZIP
ERCOT,,,"79988",,,,,ZIP
ERCOT,,,"79989",,,,,ZIP
ERCOT,,,"79990",,,,,ZIP
ERCOT,,,"79991",,,,,ZIP
ERCOT,,,"79992",,,,,ZIP
ERCOT,,,"79993",,,,,ZIP
ERCOT,,,"79994",,,,,ZIP
ERCOT,,,"79995",,,,,ZIP
ERCOT,,,"79996",,,,,ZIP
ERCOT,,,"79997",,,,,ZIP
ERCOT,,,"79998",,,,,ZIP
ERCOT,,,"79999",,,,,ZIP
ERCOT,,,"88510",,,,,ZIP
ERCOT,,,"88511",,,,,ZIP
ERCOT,,,"88512",,,,,ZIP
ERCOT,,,"88513",,,,,ZIP
ERCOT,,,"88514",,,,,ZIP
ERCOT,,,"88515",,,,,ZIP
ERCOT,,,"88516",,,,,ZIP
ERCOT,,,"88517",,,,,ZIP
ERCOT,,,"88518",,,,,ZIP
ERCOT,,,"88519",,,,,ZIP
ERCOT,,,"88520",,,,,ZIP
ERCOT,,,"88521",,,,,ZIP
ERCOT,,,"88523",,,,,ZIP
ERCOT,,,"88524",,,,,ZIP
ERCOT,,,"88525",,,,,ZIP
ERCOT,,,"88526",,,,,ZIP
ERCOT,,,"88527",,,,,ZIP
ERCOT,,,"88528",,,,,ZIP
ERCOT,,,"88529",,,,,ZIP
ERCOT,,,"88530",,,,,ZIP
ERCOT,,,"88531",,,,,ZIP
ERCOT,,,"88532",,,,,ZIP
ERCOT,,,"88533",,,,,ZIP
ERCOT,,,"88534",,,,,ZIP
ERCOT,,,"88535",,,,,ZIP
ERCOT,,,"88536",,,,,ZIP
ERCOT,,,"88538",,,,,ZIP
ERCOT,,,"88539",,,,,ZIP
ERCOT,,,"88540",,,,,ZIP
ERCOT,,,"88541",,,,,ZIP
ERCOT,,,"88542",,,,,ZIP
ERCOT,,,"88543",,,,,ZIP
ERCOT,,,"88544",,,,,ZIP
ERCOT,,,"88545",,,,,ZIP
ERCOT,,,"88546",,,,,ZIP
ERCOT,,,"88547",,,,,ZIP
ERCOT,,,"88548",,,,,ZIP
ERCOT,,,"88549",,,,,ZIP
ERCOT,,,"88550",,,,,ZIP
ERCOT,,,"88553",,,,,ZIP
ERCOT,,,"88554",,,,,ZIP
ERCOT,,,"88555",,,,,ZIP
ERCOT,,,"88556",,,,,ZIP
ERCOT,,,"88557",,,,,ZIP
ERCOT,,,"88558",,,,,ZIP
ERCOT,,,"88559",,,,,ZIP
ERCOT,,,"88560",,,,,ZIP
ERCOT,,,"88561",,,,,ZIP
ERCOT,,,"88562",,,,,ZIP
ERCOT,,,"88563",,,,,ZIP
ERCOT,,,"88565",,,,,ZIP
ERCOT,,,"88566",,,,,ZIP
ERCOT,,,"88567",,,,,ZIP
ERCOT,,,"88568",,,,,ZIP
ERCOT,,,"88569",,,,,ZIP
ERCOT,,,"88570",,,,,ZIP
ERCOT,,,"88571",,,,,ZIP
ERCOT,,,"88572",,,,,ZIP
ERCOT,,,"88573",,,,,ZIP
ERCOT,,,"88574",,,,,ZIP
ERCOT,,,"88575",,,,,ZIP
ERCOT,,,"88576",,,,,ZIP
ERCOT,,,"88577",,,,,ZIP
ERCOT,,,"88578",,,,,ZIP
ERCOT,,,"88579",,,,,ZIP
ERCOT,,,"88580",,,,,ZIP
ERCOT,,,"88581",,,,,ZIP
ERCOT,,,"88582",,,,,ZIP
ERCOT,,,"88583",,,,,ZIP
ERCOT,,,"88584",,,,,ZIP
ERCOT,,,"88585",,,,,ZIP
ERCOT,,,"88586",,,,,ZIP
ERCOT,,,"88587",,,,,ZIP
ERCOT,,,"88588",,,,,ZIP
ERCOT,,,"88589",,,,,ZIP
ERCOT,,,"88590",,,,,ZIP
ERCOT,,,"88595",,,,,ZIP
ERCOT,ONC,,"75072",NORTH,,,,DC+ZIP+CZ
ERCOT,LPL,TX,"79364",WEST,NORTH,,,DC+ST+ZIP+CZ
ERCOT,LPL,TX,"79401",WEST,NORTH,,,DC+ST+ZIP+CZ
ERCOT,LPL,TX,"79403",WEST,NORTH,,,DC+ST+ZIP+CZ
ERCOT,LPL,TX,"79404",WEST,NORTH,,,DC+ST+ZIP+CZ
ERCOT,LPL,TX,"79406",WEST,NORTH,,,DC+ST+ZIP+CZ
ERCOT,LPL,TX,"79407",WEST,NORTH,,,DC+ST+ZIP+CZ
ERCOT,LPL,TX,"79410",WEST,NORTH,,,DC+ST+ZIP+CZ
ERCOT,LPL,TX,"79411",WEST,NORTH,,,DC+ST+ZIP+CZ
ERCOT,LPL,TX,"79412",WEST,NORTH,,,DC+ST+ZIP+CZ
ERCOT,LPL,TX,"79413",WEST,NORTH,,,DC+ST+ZIP+CZ
ERCOT,LPL,TX,"79414",WEST,NORTH,,,DC+ST+ZIP+CZ
ERCOT,LPL,TX,"79415",WEST,NORTH,,,DC+ST+ZIP+CZ
ERCOT,LPL,TX,"79416",WEST,NORTH,,,DC+ST+ZIP+CZ
ERCOT,LPL,TX,"79423",WEST,NORTH,,,DC+ST+ZIP+CZ
ERCOT,LPL,TX,"79424",WEST,NORTH,,,DC+ST+ZIP+CZ
ERCOT,LPL,TX,"79409",WEST,NORTH,,,DC+ST+ZIP+CZ
ERCOT,LPL,TX,"79405",WEST,NORTH,,,DC+ST+ZIP+CZ
ERCOT,LPL,TX,"79408",WEST,NORTH,,,DC+ST+ZIP+CZ
MISO,AMIL,,,,CILCO2,CSTM-CILCO,,DC+LP
MISO,AMIL,,,,CILCO2,DS2HH-CILCO,,DC+LP
MISO,AMIL,,,,CILCO2,DS2HL-CILCO,,DC+LP
MISO,AMIL,,,,CILCO2,DS2LH-CILCO,,DC+LP
MISO,AMIL,,,,CILCO2,DS2LL-CILCO,,DC+LP
MISO,AMIL,,,,CILCO2,DS3HH-CILCO,,DC+LP
MISO,AMIL,,,,CILCO2,DS3HL-CILCO,,DC+LP
MISO,AMIL,,,,CILCO2,DS3MH-CILCO,,DC+LP
MISO,AMIL,,,,CILCO2,DS3ML-CILCO,,DC+LP
MISO,AMIL,,,,CILCO2,DS3LH-CILCO,,DC+LP
MISO,AMIL,,,,CILCO2,DS3LL-CILCO,,DC+LP
MISO,AMIL,,,,CILCO2,RESDHH-CILCO,,DC+LP
MISO,AMIL,,,,CILCO2,RESDHL-CILCO,,DC+LP
MISO,AMIL,,,,CILCO2,RESDLH-CILCO,,DC+LP
MISO,AMIL,,,,CILCO2,RESDLL-CILCO,,DC+LP
MISO,AMIL,,,,CILCO2,LITE-CILCO,,DC+LP
MISO,AMIL,,,,CIPS1,CSTM-CIPS,,DC+LP
MISO,AMIL,,,,CIPS1,DS2HH-CIPS,,DC+LP
MISO,AMIL,,,,CIPS1,DS2HL-CIPS,,DC+LP
MISO,AMIL,,,,CIPS1,DS2LH-CIPS,,DC+LP
MISO,AMIL,,,,CIPS1,DS2LL-CIPS,,DC+LP
MISO,AMIL,,,,CIPS1,DS3HH-CIPS,,DC+LP
MISO,AMIL,,,,CIPS1,DS3HL-CIPS,,DC+LP
MISO,AMIL,,,,CIPS1,DS3MH-CIPS,,DC+LP
MISO,AMIL,,,,CIPS1,DS3ML-CIPS,,DC+LP
MISO,AMIL,,,,CIPS1,DS3LH-CIPS,,DC+LP
MISO,AMIL,,,,CIPS1,DS3LL-CIPS,,DC+LP
MISO,AMIL,,,,CIPS1,RESDHH-CIPS,,DC+LP
MISO,AMIL,,,,CIPS1,RESDHL-CIPS,,DC+LP
MISO,AMIL,,,,CIPS1,RESDLH-CIPS,,DC+LP
MISO,AMIL,,,,CIPS1,RESDLL-CIPS,,DC+LP
MISO,AMIL,,,,CIPS1,LITE-CIPS,,DC+LP
MISO,AMIL,,,,IP3,DS2LH-IP,,DC+LP
MISO,AMIL,,,,IP3,DS2LL-IP,,DC+LP
MISO,AMIL,,,,IP3,DS3HH-IP,,DC+LP
MISO,AMIL,,,,IP3,DS3HL-IP,,DC+LP
MISO,AMIL,,,,IP3,DS3MH-IP,,DC+LP
MISO,AMIL,,,,IP3,DS3ML-IP,,DC+LP
MISO,AMIL,,,,IP3,DS3LH-IP,,DC+LP
MISO,AMIL,,,,IP3,DS3LL-IP,,DC+LP
MISO,AMIL,,,,IP3,RESDHH-IP,,DC+LP
MISO,AMIL,,,,IP3,RESDHL-IP,,DC+LP
MISO,AMIL,,,,IP3,RESDLH-IP,,DC+LP
MISO,AMIL,,,,IP3,RESDLL-IP,,DC+LP
MISO,AMIL,,,,IP3,CSTM-IP,,DC+LP
MISO,AMIL,,,,IP3,DS2HH-IP,,DC+LP
